indice_tiempo,financiamiento_mercado_capitales_ge_on_vcp,financiamiento_mercado_capitales_ge_ff,financiamiento_mercado_capitales_ge_acciones,financiamiento_mercado_capitales_ge_cdcp,financiamiento_mercado_capitales_ge_total,financiamiento_mercado_capitales_pymes_on_vcp,financiamiento_mercado_capitales_pymes_ff,financiamiento_mercado_capitales_pymes_acciones,financiamiento_mercado_capitales_pymes_cdcp,financiamiento_mercado_capitales_pymes_pagares,financiamiento_mercado_capitales_pymes_total,financiamiento_mercado_capitales_total_general,tasa_interes_vdf_senior,tasa_interes_cpdp,tasa_interes_cpda,emisiones_ge_on,emisiones_ge_ff,emisiones_ge_acc,emisiones_ge_cpd,emisiones_ge_total,emisiones_pymes_on,emisiones_pymes_ff,emisiones_pymes_acc,emisiones_pymes_cpd,emisiones_pymes_pag,emisiones_pymes_total,emisiones_totales_ge_pymes,eff_agropecuarios,eff_estructurados,eff_creditos_comerciales,eff_flujos_futuros,eff_inmobiliario_hipotecario,eff_leasing,eff_prendarios,eff_obras_publicas,eff_prestamos_personales_consumo,eff_tarjetas_credito,eff_innovacion_financiera,eff_financiacion_exportaciones,act_financieras_seguros,actividades_inmobiliarias,agricultura_ganaderia,alimentos_bebidas,bancos,calzado_indumentaria,comercio,construccion,distribucion_energia_electrica,distribucion_de_gas,editoriales_imprentas,equipamiento_hogar,generacion_energia_electrica,grupos_concesionarios,holdings,industria_automotriz,industria_petroleo_gas,industria_farmaceutica,industria_metalurgica_siderurgica,industria_quimica_petroquimica,manufacturas_origen_agropecuario,manufacturas_origen_industrial,manufacturas_actividades_empresariales,manufacturas_papel_celulosa,manufacturas_servicios_informaticos,manufacturas_tecnologia,manufacturas_telecomunicaciones,manufacturas_transporte_energia_electrica,manufacturas_transporte_gas,manufacturas_transporte_pasajeros_peajes
2007-01-01,300000000.0,264272275.96345285,10174221.717990275,1809615.4726529168,576256113.154096,250000.0,3042050.0,,14544482.600547234,,17836532.60054723,594092645.7546432,0.110238894324482,0.1437762,0.12709225,2.0,12.0,1.0,133.0,148.0,1.0,1.0,,2088.0,,2090.0,2238.0,,,,,,,,,,,0.0,,,,,,,,,,,,,,,,,,,,,,,,,,,,,0.0,,
2007-02-01,,105398431.68542397,430225080.3858521,1221313.943100881,536844826.01437694,,7508643.226483258,,12338299.838235885,,19846943.064719144,556691769.0790961,0.10414069401383351,0.1475979,0.11412753,,7.0,1.0,147.0,155.0,,3.0,,1438.0,,1441.0,1596.0,,,,,,,,,,,,,,,,,,,,,,,,,,,,,,,,,,,,,,,,,,
2007-03-01,,170457495.85936892,,2353345.7459081206,172810841.60527703,321543.40836012864,26153121.886201438,,15460192.88056687,,41934858.17512844,214745699.78040546,0.10455290323103002,0.12780479,0.10486906,,14.0,,182.0,196.0,1.0,5.0,,1946.0,,1952.0,2148.0,,,,,,,,,,,,,,,,,,,,,,,,,,,,,,,,,,,,,,,,,,
2007-04-01,171808885.28142074,119757048.15336187,70454930.4446241,3086169.7292835927,365107033.60869026,,1486692.3201293454,,12247566.275998678,,13734258.596128024,378841292.2048183,0.0964578469613494,0.12106536999999999,0.10049572,3.0,8.0,1.0,222.0,234.0,,1.0,,1554.0,,1555.0,1789.0,,,,,,,,,,,,,,,,,,,,,,,,,,,,,,,,,,,,,,,,,,
2007-05-01,1325000000.0,168793626.50326982,,2176995.3811222836,1495970621.8843923,,7814367.379505521,,12922317.719753487,,20736685.099259008,1516707306.9836512,0.09861659047704517,0.11511995000000001,0.09697381999999999,7.0,15.0,,152.0,174.0,,3.0,,1576.0,,1579.0,1753.0,,,,,,,,,,,,,,,,,,,,,,,,,,,,,,,,,,,,,,,,,,
2007-06-01,624948412.3101212,200569572.7406362,,1621453.3365774534,827139438.3873348,650000.0,15513898.847603925,,15579718.961881591,,31743617.809485517,858883056.1968204,0.10155099041776831,0.10678249,0.10040067000000001,7.0,16.0,,92.0,115.0,1.0,4.0,,1745.0,,1750.0,1865.0,,,,,,,,,,,,,,,,,,,,,,,,,,,,,,,,,,,,,,,,,,
2007-07-01,147030320.0,161476915.0563023,48668543.845534995,1413520.5704019764,358589299.47223926,400000.0,8523059.785172138,,15383538.779634917,,24306598.564807057,382895898.0370463,0.106649298434051,0.12091393,0.10643844,3.0,9.0,1.0,122.0,135.0,1.0,3.0,,1366.0,,1370.0,1505.0,,,,,,,,,,,,,,,,,,,,,,,,,,,,,,,,,,,,,,,,,,
2007-08-01,7907790.143084261,182850448.309213,148997943.1859761,1224206.0053211704,340980387.6435945,,1420267.085624509,,15671584.163182566,,17091851.248807076,358072238.8924016,0.15052530546818343,0.13506063,0.13160539999999998,2.0,14.0,1.0,98.0,115.0,,1.0,,2154.0,,2155.0,2270.0,,,,,,,,,,,,,,,,,,,,,,,,,,,,,,,,,,,,,,,,,,
2007-09-01,146500000.0,173769967.39604753,89976279.42583732,1076894.2302199372,411323141.05210483,200000.0,12703000.0,,14571072.62052112,,27474072.62052112,438797213.67262596,0.20737315879088747,0.16678651,0.15012441,3.0,14.0,1.0,63.0,81.0,1.0,3.0,,1553.0,,1557.0,1638.0,,,,,,,,,,,,,,,,,,,,,,,,,,,,,,,,,,,,,,,,,,
2007-10-01,481481815.4540649,381162410.94108236,125238636.00865655,2536354.053786114,990419216.45759,,23326494.35919559,,15825579.100506792,,39152073.45970238,1029571289.9172924,0.1845834628900371,0.17650827,0.1576,5.0,25.0,3.0,174.0,207.0,,5.0,,1904.0,,1909.0,2116.0,,,,,,,,,,,,,,,,,,,,,,,,,,,,,,,,,,,,,,,,,,
2007-11-01,29030199.272727273,195721159.52110565,4833825.356968411,1099034.4312426336,230684218.58204398,,24074013.09760572,,11812821.62902558,,35886834.7266313,266571053.3086753,0.18012461195866497,0.19158748,0.17275084,3.0,21.0,2.0,104.0,130.0,,7.0,,1668.0,,1675.0,1805.0,,,,,,,,,,,,,,,,,,,,,,,,,,,,,,,,,,,,,,,,,,
2007-12-01,46829463.40870652,357581458.55607015,57179282.86852589,948892.3255591969,462539097.1588618,,34737038.12283493,,12402671.348117981,,47139709.47095291,509678806.62981474,0.18249586768191314,0.19356217,0.18114546,3.0,30.0,1.0,105.0,139.0,,8.0,,1559.0,,1567.0,1706.0,,,,,,,,,,,,,,,,,,,,,,,,,,,,,,,,,,,,,,,,,,
2008-01-01,5981012.658227848,216055382.05955023,,1424266.2298930802,223460660.94767118,,17342081.0,,12446146.79716996,,29788227.79716996,253248888.74484113,0.13338429979387784,0.16909407,0.14645578,1.0,21.0,,79.0,101.0,,3.0,,1758.0,,1761.0,1862.0,,,,,,,,,,,,,,,,,1.0,,,,,,,,,,,,,,,,,,,,,,,,,
2008-02-01,23245605.700712588,216245071.9975343,,1914502.460701521,241405180.15894842,,11990804.545954872,,13357787.87044944,,25348592.416404314,266753772.57535273,0.10883416024750232,0.1514781,0.1119829,1.0,11.0,,135.0,147.0,,2.0,,1625.0,,1627.0,1774.0,,,,,,,,,,,,,,,,,1.0,,,,,,,,,,,,,,,,,,,,,,,,,
2008-03-01,,207780813.86267802,291206082.1162343,1468700.21523074,500455596.1941431,350000.0,17863238.045813587,,13157049.968348421,,31370288.014162008,531825884.2083051,0.10980110242237302,0.13918052,0.12366054,,17.0,2.0,93.0,112.0,1.0,3.0,,1683.0,,1687.0,1799.0,,,,,,,,,,,,,,,,,,1.0,,,,,,,,,,,,,,,,,,,,,,,,
2008-04-01,11931786.331500392,318480117.18747944,,1445725.6512962843,331857629.1702761,,7112609.026183043,,11749327.978931433,,18861937.005114473,350719566.1753906,0.1154,0.1253628,0.12036075,1.0,22.0,,109.0,132.0,,3.0,,1995.0,,1998.0,2130.0,,,,,,,,,,,,,,,,,,,1.0,,,,,,,,,,,,,,,,,,,,,,,
2008-05-01,91729560.0,188936203.47094503,112012728.71917263,1493998.4751458282,394172490.6652634,460000.0,10099121.01910828,,13569674.074308902,,24128795.093417183,418301285.7586806,0.1621,0.19972734,0.15381799000000002,2.0,15.0,1.0,107.0,125.0,1.0,1.0,,2262.0,,2264.0,2389.0,,,,,,,,,,,,,0.28994128859459656,,0.004989719023013834,,,,,,,,,,,,,,,,0.7050689923823896,,,,,,,,,,,
2008-06-01,18149700.0,226837648.80921215,,1712992.5516562804,246700341.36086842,,3911980.0,,16409510.173827486,,20321490.173827484,267021831.53469592,0.2031,0.26158443,0.17449403,1.0,14.0,,133.0,148.0,,1.0,,2042.0,,2043.0,2191.0,,,,,,,,,,,,,1.0,,,,,,,,,,,,,,,,,,,,,,,,,,,,,
2008-07-01,73694467.38232866,353253066.8886348,1353135.3135313531,1604755.1107438016,429905424.6952386,,6239998.1833195705,,20778573.55702479,,27018571.74034436,456923996.43558294,0.172,0.23949667000000002,0.17665925999999998,2.0,19.0,1.0,133.0,155.0,,2.0,,2397.0,,2399.0,2554.0,,,,,,,,,,,,,0.4356595401371521,,,,,,,,,0.5643404598628479,,,,,,,,,,,,,,,,,,,,
2008-08-01,12250825.082508251,125661391.78563595,,1132755.9408549035,139044972.80899912,1300000.0,9682000.0,,19019654.45234802,,30001654.45234802,169046627.26134714,0.1614,0.19343918999999998,0.16039788000000002,3.0,9.0,,107.0,119.0,2.0,1.0,,2051.0,,2054.0,2173.0,,,,,,,,,,,,,0.29518497771499547,,,0.022138873328624662,0.608879904527631,,,,,,,,,,,,,0.07379624442874887,,,,,,,,,,,,
2008-09-01,198000000.0,228611501.8660809,,1269030.76524331,427880532.6313242,,28137785.782779146,,18442459.466727145,,46580245.249506295,474460777.88083047,0.1475,0.20361969,0.16575677,2.0,14.0,,118.0,134.0,,5.0,,2404.0,,2409.0,2543.0,,,,,,,,,,,,,0.10101010101010101,,,,,,,,,,,,0.898989898989899,,,,,,,,,,,,,,,,,
2008-10-01,,342927760.4702981,,332992.0246395072,343260752.4949376,,10816925.0,,13106790.696906064,,23923715.696906064,367184468.1918437,0.252,0.25693753999999996,0.21185995,,17.0,,35.0,52.0,,1.0,,2174.0,,2175.0,2227.0,,,,,,,,,,,,,,,,,,,,,,,,,,,,,,,,,,,,,,,,,,
2008-11-01,11522900.0,276897954.0,,341955.7367204156,288762809.73672044,,20907922.758852914,,11525563.1204396,,32433485.879292514,321196295.61601293,0.26391773809123203,0.33032809999999996,0.26136896,1.0,21.0,,32.0,54.0,,3.0,,2341.0,,2344.0,2398.0,,,,,,,,,,,,,1.0,,,,,,,,,,,,,,,,,,,,,,,,,,,,,
2008-12-01,7547169.811320755,264707655.7158154,,480143.70986573264,272734969.2370019,1350000.0,18802718.15375538,,16343404.442498544,,36496122.596253924,309231091.8332558,0.3236962069050471,0.29930165,0.24976435,1.0,23.0,,48.0,72.0,1.0,6.0,,2196.0,,2203.0,2275.0,,,,,,,,,,,,,,,0.15173364436433037,,,,0.8482663556356695,,,,,,,,,,,,,,,,,,,,,,,
2009-01-01,24464663.42258034,180731871.6576023,,1010202.8175106702,206206737.8976933,289226.3195950831,9685347.982405573,,17706776.508247778,,27681350.810248435,233888088.70794174,0.20694158228999998,0.31578609,0.20210367999999998,2.0,16.0,,85.0,103.0,1.0,3.0,,2488.0,,2492.0,2595.0,,,,,,,,,,,,,,,,,,0.011684075618317968,0.17513450050722998,0.813181423874452,,,,,,,,,,,,,,,,,,,,,,
2009-02-01,101603000.0,108330926.6595428,,698361.3746232155,210632288.034166,,14408680.375090925,,16980685.986464195,,31389366.36155512,242021654.39572114,0.17893427723,0.27169676,0.18803503,1.0,14.0,,59.0,74.0,,4.0,,2248.0,,2252.0,2326.0,,,,,,,,,,,,,,,,,,,,,,1.0,,,,,,,,,,,,,,,,,,,,
2009-03-01,7084769.124741558,437720393.18548673,,556663.4113017815,445361825.7215301,,,,14999364.419608697,,14999364.419608697,460361190.1411388,0.19598788159000002,0.25750912,0.1849539,1.0,13.0,,44.0,58.0,,,,2371.0,,2371.0,2429.0,,,,,,,,,,,,,,,,,1.0,,,,,,,,,,,,,,,,,,,,,,,,,
2009-04-01,19595306.648575306,155528534.57335883,,798533.941862618,175922375.16379675,,2112963.0,,14444520.001851508,,16557483.001851508,192479858.16564825,0.18586062537,0.25975851,0.17350349999999998,2.0,19.0,,46.0,67.0,,1.0,,2042.0,,2043.0,2110.0,,,,,,,,,,,,,,,,,,,,,0.3012102211222317,0.6987897788777683,,,,,,,,,,,,,,,,,,,,
2009-05-01,44697643.918506734,57906467.19564789,,534981.2800158061,103139092.39417043,1800000.0,,,13712315.868526708,,15512315.868526708,118651408.26269715,0.17486043927,0.29418957,0.16348880999999998,2.0,6.0,,48.0,56.0,1.0,,,2028.0,,2029.0,2085.0,,,,,,,,,,,,,0.5237609546640426,,,0.03871163887690176,,,,,0.4375274064590557,,,,,,,,,,,,,,,,,,,,,
2009-06-01,168868890.30674666,467045982.0430037,,617506.9606716748,636532379.310422,,1036258.3388704318,,17509121.22050376,,18545379.55937419,655077758.8697962,0.18286381288,0.24775613,0.16694277,6.0,13.0,,49.0,68.0,,1.0,,2815.0,,2816.0,2884.0,,,,,,,,,,,,,,,,,0.26647892289845976,0.04696698354676532,0.0785899647271134,,,,,,,,,,,,0.6079641288276615,,,,,,,,,,,
2009-07-01,,112159741.69773456,,932933.2887834123,113092674.98651798,,,,19991019.70709468,,19991019.70709468,133083694.69361266,0.20151736667,0.25490834,0.16413384,,12.0,,55.0,67.0,,,,3052.0,,3052.0,3119.0,,,,,,,,,,,,,,,,,,,,,,,,,,,,,,,,,,,,,,,,,,
2009-08-01,56579256.360078275,240101936.36405256,8419840.290531777,580324.1346560416,305681357.14931864,,12255202.809384268,,21591565.577492278,,33846768.386876546,339528125.53619516,0.14045345654,0.20781566999999998,0.14533928,3.0,11.0,1.0,54.0,69.0,,3.0,,2337.0,,2340.0,2409.0,,,,,,,,,,,,,0.8837161040398451,,,,,,,,0.11628389596015495,,,,,,,,,,,,,,,,,,,,,
2009-09-01,116512411.43951902,117398136.17721182,279155064.54,603353.4039924571,513668965.56072336,300000.0,14637215.0,,21116676.915274076,,36053891.915274076,549722857.4759974,0.13794703247999998,0.20785122,0.14554317,7.0,13.0,1.0,51.0,72.0,1.0,3.0,,3095.0,,3099.0,3171.0,,,,,,,,,,,,,,,0.2221586389412177,0.08817556176667875,0.06552495053726977,,,,,,,,,,,,0.6241408487548339,,,,,,,,,,,,,
2009-10-01,42957291.92047431,155407487.94183195,37058347.74,961925.6064126999,236385053.208719,,7544400.0,,18103662.23661192,,25648062.23661192,262033115.44533092,0.12865699889,0.21494612,0.14587834,4.0,17.0,1.0,66.0,88.0,,2.0,,2879.0,,2881.0,2969.0,,,,,,,,,,,,,0.42601972276675987,,,,,,,0.279347218214204,0.2946330590190362,,,,,,,,,,,,,,,,,,,,,
2009-11-01,91198231.91775453,176597654.22017002,,1186946.923258436,268982833.061183,,13463689.44793713,,18875440.431556597,,32339129.87949373,301321962.9406767,0.12113126511000001,0.19726006999999998,0.14267616,7.0,13.0,,68.0,88.0,,4.0,,3070.0,,3074.0,3162.0,,,,,,,,,,,,,0.40731707268336864,0.23215854952916493,,,,,0.08639625628456508,,,,,,,,,,,,,,,,,,,0.27412812150290133,,,,
2009-12-01,90766903.40919694,261336251.4258155,,883645.4667121527,352986800.3017246,,14494600.0,,21274639.785341274,,35769239.78534128,388756040.0870659,0.13240020744,0.17422848999999999,0.13513303000000002,6.0,16.0,,39.0,61.0,,3.0,,3083.0,,3086.0,3147.0,,,,,,,,,,,,,0.44241772634317256,,0.08732424665467477,,0.181443446191153,,,,,0.2888145808109996,,,,,,,,,,,,,,,,,,,,
2010-01-01,,133263308.0422561,,668916.5701529776,133932224.61240909,,5840000.0,,19813119.992121328,,25653119.992121328,159585344.60453042,0.12465030611,0.16060755000000002,0.12433809,,10.0,,63.0,73.0,,3.0,,2987.0,,2990.0,3063.0,,,,,,,,,,,,,,,,,,,,,,,,,,,,,,,,,,,,,,,,,,
2010-02-01,5882074.0453074435,381280015.89095265,,654055.9317525707,387816145.86801267,,1734630.8290155442,,17865427.33140874,,19600058.160424285,407416204.02843696,0.11382479432,0.18946995,0.12330697,1.0,16.0,,45.0,62.0,,1.0,,2571.0,,2572.0,2634.0,,,,,,,,,,,,,1.0,,,,,,,,,,,,,,,,,,,,,,,,,,,,,
2010-03-01,131073066.6827018,130300049.87702478,,1250503.4497636918,262623620.00949028,,1277647.9072762395,,21292427.429302193,,22570075.336578432,285193695.34606874,0.11481150434,0.16946218,0.12621922,4.0,11.0,,87.0,102.0,,1.0,,3444.0,,3445.0,3547.0,,,,,,,,,,,,,,,,0.11443998663975416,0.06886567001747511,,,,,,,,,,,,0.8166943433427707,,,,,,,,,,,,,
2010-04-01,570080338.7096775,392660197.81910694,,602429.4243902441,963342965.9531746,,1965846.0,,17267009.626507133,,19232855.626507133,982575821.5796818,0.11551921457,0.16926068,0.11881567999999999,7.0,16.0,,55.0,78.0,,1.0,,3106.0,,3107.0,3185.0,,,,,,,,,,,,,0.045268096197307324,,,,0.013580428859192199,,,,,,,,,0.06408211112067085,,,0.8770693638228295,,,,,,,,,,,,,
2010-05-01,29699923.07692308,111437848.65464112,,488215.1498079386,141625986.88137212,925000.0,2472692.6517571886,,18616039.203585148,,22013731.855342336,163639718.73671445,0.12339692983999999,0.16718649,0.12815922000000002,2.0,12.0,,57.0,71.0,1.0,1.0,,3473.0,,3475.0,3546.0,,,,,,,,,,,,,0.4147367821750677,,0.030204157498668754,,,,,,0.5550590603262635,,,,,,,,,,,,,,,,,,,,,
2010-06-01,80660724.43092512,170445435.15351245,,661958.0775690945,251768117.66200665,,,,22579460.553774115,,22579460.553774115,274347578.21578074,0.12037214561000001,0.16711137,0.1190223,6.0,12.0,,73.0,91.0,,,,4065.0,,4065.0,4156.0,,,,,,,,,,,,,0.09456475414206104,,,,0.6526196805034252,,0.09480583700794265,,,,,,,,,,,,,,,0.15800972834657107,,,,,,,,
2010-07-01,190502892.14330748,1855200436.83144,,835825.2264071096,2046539154.2011545,,7446000.0,,24828524.44265764,,32274524.44265764,2078813678.6438122,0.13047984442000002,0.14433741,0.11938359999999999,5.0,14.0,,39.0,58.0,,1.0,,3674.0,,3675.0,3733.0,,,,,,,,,,,,,,0.787389620768388,0.14118441483395716,,,,0.03993037956691939,,,,,,,,,,,,,,0.03149558483073552,,,,,,,,,
2010-08-01,32634691.91622753,161834018.08339226,,1719733.47373763,196188443.4733574,,4910000.0,,24667855.381882764,,29577855.381882764,225766298.85524017,0.13188023222,0.15464769,0.11933511,4.0,12.0,,90.0,106.0,,1.0,,3994.0,,3995.0,4101.0,,,,,,,,,,,,,0.4668307096340656,,,,0.5331692903659344,,,,,,,,,,,,,,,,,,,,,,,,,
2010-09-01,96793810.97993264,130532824.69364154,,2306054.4800206833,229632690.15359485,,8139886.687697161,,24705012.160753787,,32844898.848450948,262477589.0020458,0.13168442518,0.15267255000000002,0.11653625,8.0,9.0,,95.0,112.0,,3.0,,4423.0,,4426.0,4538.0,,,,,,,,,,,,,0.7521864476494002,,0.038985807743872385,,0.1303626378817184,,0.07846510672500898,,,,,,,,,,,,,,,,,,,,,,,
2010-10-01,489714795.9491306,180629765.94523132,161324790.6057528,519545.3321885811,832188897.8323034,,,,19666726.16348072,,19666726.16348072,851855623.9957842,0.13092500431999998,0.16729154999999998,0.12479193000000001,8.0,16.0,3.0,47.0,74.0,,,,3334.0,,3334.0,3408.0,,,,,,,,,,,,,0.08017931417964881,,,,0.094992665885564,,,,0.326985063688561,,,,,,,,,,,,,,0.49784295624622615,,,,,,,
2010-11-01,452277582.6631872,597534668.5547422,,618347.4880562032,1050430598.7059855,3500000.0,9931331.0,,25313566.184279148,,38744897.184279144,1089175495.8902647,0.13220606113,0.16604406000000002,0.13240602,10.0,16.0,,50.0,76.0,2.0,2.0,,4268.0,,4272.0,4348.0,,,,,,,,,,,,,0.08268162250516572,,0.0076789976904530115,0.4387998680258864,0.1096999670064716,,,,0.016821583843615318,0.344317960928408,,,,,,,,,,,,,,,,,,,,
2010-12-01,569829221.4687237,266523945.73836744,99672470.40498573,1234224.7142801052,937259862.3263569,,8299366.184789441,,41507815.497114144,,49807181.681903586,987067044.0082605,0.13657440513,0.17458526,0.13962287,13.0,20.0,2.0,93.0,128.0,,4.0,,4999.0,,5003.0,5131.0,,,,,,,,,,,,,0.12064825615466311,,,0.035098235131659966,0.08713892443121111,,,0.2105894107899598,,,,,,0.5264735269748995,,,,,0.020051646517606558,,,,,,,,,,,
2011-01-01,210313676.28607276,129994918.41186605,,1008747.3002239808,341317341.9981628,3761755.485893417,4633000.0,,20772699.233567264,,29167454.71946068,370484796.7176235,0.13313145663,0.17591401999999998,0.13871547,2.0,10.0,,74.0,86.0,2.0,1.0,,3773.0,,3776.0,3862.0,0.034413367261806,,,,0.11141819748048565,0.05186385056946134,,,0.802304584688247,,,,0.9342501301739314,,,,0.0481777670641764,0.01757210276189213,,,,,,,,,,,,,,,,,,,,,,,,
2011-02-01,124000000.0,260414717.97452757,,980123.7771097808,385394841.7516374,,3994294.103041589,,17916720.69907833,,21911014.80211992,407305856.5537573,0.13591611357,0.18125064999999999,0.12254651000000001,3.0,16.0,,81.0,100.0,,2.0,,3007.0,,3009.0,3109.0,0.04400224072766016,,,,,,,,0.8255629760352199,0.13043478323711993,,,0.1935483870967742,,,,,,,0.8064516129032258,,,,,,,,,,,,,,,,,,,,,,
2011-03-01,317764495.4619738,239303176.28673893,,780666.7672747878,557848338.5159875,,8120235.948116121,,24008103.138999432,,32128339.087115552,589976677.603103,0.13390825012000002,0.17689195000000002,0.11751293,9.0,16.0,,54.0,79.0,,1.0,,3993.0,,3994.0,4073.0,0.03281918988494252,,0.015780744809832725,,0.12615828775618732,,,0.09378843916607965,0.5562485562764606,0.17520478210649715,,,0.13221088202692316,,0.1995644863463791,,0.03882769503932002,,,,,,,,0.6293969365873776,,,,,,,,,,,,,,,,,
2011-04-01,220980115.88958812,1428767863.4592988,,904053.4822569547,1650652032.8311439,,,,20443355.735771157,,20443355.735771157,1671095388.566915,0.13207926484,0.16478893,0.11275597,12.0,14.0,,64.0,90.0,,,,3972.0,,3972.0,4062.0,,,,,,,,0.8714919596140372,0.11266197203996467,0.015846068345998172,,,0.3950089644079891,,,,0.2895825667376238,,,,0.31540846885438706,,,,,,,,,,,,,,,,,,,,,
2011-05-01,462375063.8392613,739037631.5353183,,1257043.0218752725,1202669738.3964548,,8190632.0,,25155194.10247298,,33345826.10247298,1236015564.4989278,0.13189480864,0.18069714,0.11366173,11.0,20.0,,110.0,141.0,,2.0,,4336.0,,4338.0,4479.0,0.01418493854856577,,0.0061790418877041425,,,0.00719122305945557,,0.6590920453615917,0.3004174186319936,0.012935332510689321,,,0.10276221632808726,,,,0.844228618081443,,0.015863665450032313,,0.037145500140437354,,,,,,,,,,,,,,,,,,,,,
2011-06-01,125571689.16643265,237744843.8867802,,1188056.9372101277,364504589.990423,,1446111.9512195121,,31246150.165193763,,32692262.116413273,397196852.1068363,0.13334382811,0.17199373999999998,0.10325986000000001,5.0,16.0,,100.0,121.0,,1.0,,4469.0,,4470.0,4591.0,,,,,,0.03962022102124903,,,0.7169532548668922,0.24342652411185872,,,0.19427839018635987,,,,0.14523243406161304,,0.07778831226092096,,,,,,,,,,0.5827008634911062,,,,,,,,,,,,,
2011-07-01,58471769.09435578,656165332.6302325,,1059910.6312935709,715697012.3558818,3616636.5280289333,9921000.0,,34688145.69858637,,48225782.2266153,763922794.5824971,0.14004192417,0.15532759000000002,0.11715818,5.0,13.0,,61.0,79.0,1.0,1.0,,4761.0,,4763.0,4842.0,0.014894465648055102,,,,,,,0.7252690286137347,0.23384228537833587,0.02599422035987448,,,0.7472324976507184,,,,0.19451771333029877,,,,,,,,,,,,,,,,,,0.05824978901898277,,,,,,,
2011-08-01,217996329.98542196,463513863.71543074,33114694.925373133,1688115.877962408,716313004.5041881,,,6361791.044776119,33326693.980713695,,39688485.025489815,756001489.5296779,0.14215481257,0.14487212,0.12842153,9.0,20.0,1.0,83.0,113.0,,,1.0,4575.0,,4576.0,4689.0,,,,,,0.06219413809031022,,0.3400197174982563,0.4964882406921185,0.10129790371931492,,,0.3292660501871344,,,,0.2095564611518268,,,,,,,,,,,,,,,,,,,,,,,,,
2011-09-01,193783982.92635205,327026238.22846067,,2189041.4756631204,522999262.6304758,12536962.31153485,8406000.0,,28822709.274269365,,49765671.58580422,572764934.21628,0.14861608724,0.16478753000000002,0.140934,8.0,21.0,,82.0,111.0,6.0,2.0,,4769.0,,4777.0,4888.0,0.025060203051427414,,0.01534059750428744,0.01636752659024991,,,,,0.844127790457825,0.09910388239621011,,,0.3002639901474611,,0.3392772358583875,0.019238492636538665,0.2420970459655978,0.009215577240869535,0.0575973577554346,0.009204638870257227,,,,,,,,,,,,0.017289480339309705,0.005816181186143785,,,,,,,,0.46117748866103875,
2011-10-01,71591432.93606499,166325357.16959128,9584481.603773585,1399994.0280143858,248901265.73744425,,1486527.9056047197,,29879818.114707544,,31366346.020312265,280267611.75775653,0.20819137857,0.21144183000000003,0.18171423999999997,5.0,11.0,1.0,73.0,90.0,,1.0,,4553.0,,4554.0,4644.0,,,,,,0.013674098943865272,,,0.8657979571673425,0.12052794388879234,,,0.364099696443829,,,,0.29766692769348946,,,,0.18353094720917265,,,,,,,,0.15470242865350897,,,,,,,,,,,,,
2011-11-01,27039115.537635185,392917321.4813937,,1148374.0705251694,421104811.0895541,1876832.84457478,9121565.982404694,,30975548.899907865,,41973947.72688734,463078758.8164414,0.24780989494,0.21795269,0.16504806,2.0,17.0,,102.0,121.0,1.0,2.0,,5225.0,,5228.0,5349.0,0.01814252359022555,,0.00454574430332751,,,0.023212528175580727,,0.34288789224225685,0.5665353860501089,0.04467592563850031,,,0.9350935055019856,,,,,,,,,,,,,,,,,0.06490649449801442,,,,,,,,,,,,
2011-12-01,115983286.84594181,387130296.7620753,,2402198.4272333286,505515782.0352504,2835488.305886357,10444000.0,,32998160.73442378,,46277649.04031014,551793431.0755606,0.25078011131,0.25481362,0.17002508,7.0,18.0,,155.0,180.0,2.0,2.0,,4931.0,,4935.0,5115.0,0.017322236596026098,,,,,0.024137957716215557,,,0.8613951660319955,0.09714463965576291,,,0.9761360247800641,,0.011757175773734327,,,,,0.012106799446201523,,,,,,,,,,,,,,,,,,,,,,
2012-01-01,150041743.779882,197922412.73232245,,2672784.6785383904,350636941.19074285,,10826000.0,,30911168.26318224,,41737168.26318224,392374109.4539251,0.18207132571999998,0.24357651,0.16881709,7.0,15.0,,196.0,218.0,,1.0,,5298.0,,5299.0,5517.0,0.05186147218222037,,,,0.005387761378511093,,,0.06106026819735331,0.7448509948558181,0.13683950338609716,,,0.5383285566572948,,,,0.4616714433427051,,,,,,,,,,,,,,,,,,,,,,,,,
2012-02-01,115784386.3204079,235713647.26333627,,1279425.9151376146,352777459.49888176,,,,22447259.153669726,,22447259.153669726,375224718.6525515,0.15447090696,0.22529561999999997,0.15721014,7.0,14.0,,111.0,132.0,,,,3575.0,,3575.0,3707.0,,,,,,,,0.09350475068888332,0.7779607945785669,0.12853445473254974,,,,0.596103627305002,0.09659160751650302,,0.19820408727721767,,0.09904521907230228,,,,,,,,,,,,,,,0.010055458828974993,,,,,,,,
2012-03-01,128518682.2300623,149069590.36629015,,1187624.2436753137,278775896.84002775,,,,30596637.83114292,,30596637.83114292,309372534.67117065,0.14235783863,0.19588755,0.14014705,7.0,11.0,,84.0,102.0,,,,4588.0,,4588.0,4690.0,,,,,,,,,0.7484468303469207,0.2515531696530791,,,0.4822265356017394,,0.17938835539845613,,,,,,,0.16135651898311593,,,0.1770285900166886,,,,,,,,,,,,,,,,,
2012-04-01,147350473.68114483,343060590.45889443,,2123332.657446382,492534396.79748565,3948804.0770101924,,,21648476.08819403,,25597280.165204223,518131676.9626899,0.13121786805,0.19902787,0.1327465,8.0,18.0,,157.0,183.0,2.0,,,3443.0,,3445.0,3628.0,,0.009496627250825434,,,,0.024187219123912685,0.01494413459006136,,0.7978677682385396,0.1535042507966611,,,0.973900707686641,,0.015320628322530505,,,,,,,,,,,,,,,,,,,0.010778663990828549,,,,,,,,
2012-05-01,295033956.5525592,493552535.2459952,,1497137.2012787065,790083628.9998331,1788708.7758524315,,,34186760.90300645,,35975469.67885888,826059098.678692,0.13210785284,0.19228009000000001,0.13230309,14.0,21.0,,144.0,179.0,1.0,,,5043.0,,5044.0,5223.0,0.00631381644305823,,,,,,0.008633639796257087,0.46803528196824196,0.4796897509389703,0.037327510853472474,,,0.22372221747157645,,,,0.3919301071725266,,,0.006026186625180263,0.21224794248880996,,,,,,,,0.024695239878895617,,,,,0.14137830636301119,,,,,,,,
2012-06-01,175238857.92006755,118030340.72657341,,1293857.4794398756,294563056.1260808,3345227.475468332,,,44953484.25650145,,48298711.73196978,342861767.8580506,0.13603110278,0.19422275,0.13060867,9.0,8.0,,113.0,130.0,1.0,,,5310.0,,5311.0,5441.0,,,0.045093856859921524,,,,,,0.6885849354641128,0.2663212076759656,,,0.12471276414536392,,0.47646743145261716,0.01873194617571423,0.14819695072304925,,0.057042220294441566,,,,,,,,,,,,0.17484868720881386,,,,,,,,,,,
2012-07-01,89920378.81412953,218989019.30513352,,1426049.1139073719,310335447.23317045,1876379.6909492272,7671873.29328236,,44170484.37534312,,53718737.359574705,364054184.5927452,0.1524226521,0.21444828999999999,0.13666383,11.0,14.0,,115.0,140.0,1.0,1.0,,5646.0,,5648.0,5788.0,,,,,,0.03384736204526875,,,0.9100200370422403,0.056132600912490886,,,0.5234608010798881,0.009679772558419899,0.21787261691700668,,0.24898680944468551,,,,,,,,,,,,,,,,,,,,,,,,,
2012-08-01,146565115.829105,437760316.55387944,,1360425.9788020703,585685858.3617865,8554384.329334777,,,46214171.455361106,,54768555.78469588,640454414.1464823,0.16396677751,0.21471946,0.16822567,13.0,17.0,,105.0,135.0,4.0,,,5476.0,,5480.0,5615.0,,,,,,,,0.43260887942247106,0.4552221055740642,0.11216901500346473,,,0.5132298276988752,0.08240283697446801,,,0.3191604229360702,,0.07739698610643489,,,,,,,,,0.007809926284151626,,,,,,,,,,,,,,
2012-09-01,479031073.4399716,310521734.29317003,,1321640.5544882452,790874448.28763,2143622.7224008576,13437000.0,,38042427.740637876,,53623050.463038735,844497498.7506686,0.16490575113999997,0.21975845,0.18250194,11.0,16.0,,116.0,143.0,2.0,2.0,,4920.0,,4924.0,5067.0,0.04147750493382296,,0.01584690607172149,,,0.028057088048114437,,0.03618001267677526,0.7882569788678718,0.0901815094016941,,,0.116555747070913,,0.06234741818151737,0.001113744519141075,,,,0.14982454991680894,,,,,,,,,0.6668173067541965,0.0033412335574232246,,,,,,,,,,,,
2012-10-01,536142193.7390381,200165749.5912369,21082649.336870026,1079338.7754866728,758469931.4426318,421496.3119072708,12514211.640211642,,33805080.22330265,,46740788.17542156,805210719.6180534,0.16881095003,0.23416825,0.18385556,11.0,12.0,1.0,104.0,128.0,1.0,2.0,,4683.0,,4686.0,4814.0,0.0835770060246091,,,,,,,,0.8522325723897286,0.06419042158566235,,,0.07308020196799643,,,0.0005302667210222986,0.051607286096683545,,,,,,,,,,,,0.8747822452142977,,,,,,,,,,,,,
2012-11-01,463583088.5850235,298497457.2512712,,510344.5822046259,762590890.4184992,,5447073.4744707355,,34135979.824963525,,39583053.29943426,802173943.7179335,0.16736760281,0.24038029000000002,0.18829894,21.0,16.0,,52.0,89.0,,1.0,,4851.0,,4852.0,4941.0,0.017921274850593683,,,,,,0.012633019464461357,,0.7265460861519413,0.24289961953300368,,,0.30170242123853536,,,0.18196168292469525,0.17840734040858028,,,,,,,,,,,,0.33792855542818906,,,,,,,,,,,,,
2012-12-01,1143179767.147845,379420407.4655875,,1046235.4866476748,1523646410.10008,6693468.396199578,13410600.81466395,4480398.941583553,29163086.991986554,,53747555.14443363,1577393965.2445138,0.17051986375999997,0.24604101,0.19940833000000002,9.0,20.0,,107.0,136.0,4.0,2.0,1.0,4328.0,,4335.0,4471.0,0.0221548422007233,,,0.04021605245085196,,0.019488280337590688,,,0.7941313703124604,0.12400945469837357,,,0.023126358567845322,,,,0.0463004495579153,,,0.0020268370612034035,,,,0.005763763569067308,,,,,0.8818803474447845,,0.03542149667602445,,,0.005480747123159619,,,,,,,,
2013-01-01,485181476.05672836,190314626.0525651,,2082654.4459036267,677578756.5551971,1000000.0,23520500.0,,29569484.976260234,,54089984.97626023,731668741.5314573,0.16490704250375604,0.26102806,0.18566575,12.0,14.0,,145.0,171.0,1.0,3.0,,4222.0,,4226.0,4397.0,0.1873539490477776,,,,,,,,0.7443796901792115,0.06826636077301086,,,0.19740619810528912,,,0.15560606688010603,,,,,,0.6469877350146048,,,,,,,,,,,,,,,,,,,,
2013-02-01,459260187.3685275,243740239.43200698,,1250456.4974002428,704250883.2979348,2184608.974667145,,,27747305.12381218,,29931914.098479323,734182797.396414,0.15440816020965,0.23637118999999998,0.17483192,19.0,13.0,,117.0,149.0,2.0,,,4193.0,,4195.0,4344.0,,,,,,0.24950498552298558,,,0.6321149229387374,0.11838009153827701,,,0.3675322271674517,,0.2160566409592606,0.09135322433812444,0.10718553592970698,,,0.14202364543633691,,0.07584872616911932,,,,,,,,,,,,,,,,,,,,
2013-03-01,673278323.9534612,203309400.71785986,,2686893.7227138644,879274618.3940349,,,,26430721.297935106,,26430721.297935106,905705339.69197,0.1531,0.24552642,0.16900649,19.0,11.0,,198.0,228.0,,,,3324.0,,3324.0,3552.0,,,,,,,,,0.8600534902382018,0.13994650976179826,,,0.08696766161197861,,0.0218996620473971,,,,,,,0.17566405421389328,,,0.024838632232824277,,,,0.6642928165344428,,,,,0.026337173359463943,,,,,,,,
2013-04-01,828483186.6845576,281884910.69819987,,1122322.4423898342,1111490419.8251472,1444390.9484833896,,,34255118.58894487,,35699509.53742826,1147189929.3625755,0.15302858325688906,0.23895835999999998,0.15294688,17.0,13.0,,99.0,129.0,1.0,,,4235.0,,4236.0,4365.0,,,0.015395204546364448,,,,,,0.8792763334325616,0.10532846202107381,,,0.13464017747817839,,,0.0017403819169412376,0.1513939182652429,0.009372285182918685,,,,,,,,,,,0.7028532371567189,,,,,,,,,,,,,
2013-05-01,362917044.7486652,329393584.22369987,,1548124.4390476602,693858753.4114128,,,,38132669.141766764,,38132669.141766764,731991422.5531796,0.17219294811791036,0.24248552,0.15828042,20.0,20.0,,156.0,196.0,,,,5450.0,,5450.0,5646.0,,,0.03563931560664415,,,,,,0.8087778513242221,0.15558283306913365,,,0.39241829877242773,,0.08817594203123037,,0.3194587949566009,,,,,,,,0.041963312726547575,,,,0.15798365151319346,,,,,,,,,,,,,
2013-06-01,667036381.8821292,222177279.28886,,913276.4328941201,890126937.6038833,,1355534.7091932457,,42962827.627727725,,44318362.33692097,934445299.9408042,0.1699569941010654,0.2330754,0.16037030000000002,11.0,15.0,,100.0,126.0,,1.0,,5484.0,,5485.0,5611.0,0.00606414192595925,,0.018150678021878714,,,,0.011603741991966943,,0.8617970228461816,0.10238441521401334,,,0.032093551624994,,0.05708006260504664,,,,,,,,,,0.022487529027540545,,,,0.780704163301209,,0.10763469344120996,,,,,,,,,,,
2013-07-01,514075717.0232173,326597613.9401351,,1554543.0331009724,842227873.9964534,4434714.382149452,,,58121258.969153054,,62555973.351302505,904783847.3477559,0.1751219924903716,0.23355682000000003,0.14888655,25.0,18.0,,192.0,235.0,2.0,,,6179.0,,6181.0,6416.0,,,,,0.08407077421079262,0.07033939030238749,,,0.7241107829940753,0.12147905249274453,,,0.18300609812489868,0.0357665500488222,,0.3397945488314176,0.18892828611370804,0.0031980494838050265,,,,0.03194197261395458,,,,,,,0.2120097474215701,,,0.00535474736182378,,,,,,,,,,
2013-08-01,283473507.74742246,322898087.9281675,,2122652.612276215,608494248.2878662,4584127.88209955,5761000.0,,56053140.65396421,,66398268.53606376,674892516.82393,0.17608221063635204,0.24966618000000002,0.18016035,14.0,20.0,,185.0,219.0,2.0,1.0,,6399.0,,6402.0,6621.0,0.017528801763300503,,0.016506328263252188,,,0.105942693291053,0.009901766298925852,,0.801622208908034,0.04849820147543438,,,0.3958773279852493,,0.10297989921482223,,0.48535561875897426,,,0.009268982345906408,,,,,,,,,,,,,,,,,,,,,,
2013-09-01,73345778.94139713,247246375.72024605,,1574510.3192076448,322166664.9808508,4029012.840813482,7262812.76962899,,56598214.72014871,,67890040.33059119,390056705.311442,0.20160539556455795,0.25675297,0.20705283000000002,6.0,12.0,,128.0,146.0,2.0,2.0,,6002.0,,6006.0,6152.0,0.028536544447462734,,,,,,,0.03823478752657042,0.9109616080889874,0.022267059936979448,,,0.5385295171602869,,0.12207694656245908,0.33939353627725405,,,,,,,,,,,,,,,,,,,,,,0.006518171695047772,,,,
2013-10-01,392168527.3761464,1657400937.5010521,,1141099.4012171393,2050710564.2784157,2046384.7203274216,6249500.0,,50207166.265898734,,58503050.98622616,2109213615.2646418,0.1855843822267003,0.26794229,0.23462111,16.0,16.0,,111.0,143.0,1.0,1.0,,6471.0,,6473.0,6616.0,0.003756498275796022,,,,0.8637779196608915,0.005329022067376026,,,0.10174976842715805,0.025386791568778398,,,0.2149865583632562,0.0051910383334931335,0.026128968916398054,0.14602664057427198,0.06899082177900027,,,,,,,,,,,,0.5386759720335804,,,,,,,,,,,,,
2013-11-01,539060907.4955567,316407176.2745433,90797546.01226994,1069073.6375995001,947334703.4199694,,,,46193449.40468334,,46193449.40468334,993528152.8246528,0.20346682033990074,0.28308245,0.23524793,19.0,19.0,1.0,101.0,140.0,,,,5605.0,,5605.0,5745.0,,,0.013183053577171831,,,,0.00666652363060035,,0.89506288278069,0.08508754001153794,,,0.14089955915401944,,0.2791743151432186,0.11048399047149407,0.40716507458300805,,,,,,,,,,,,0.06227706064826006,,,,,,,,,,,,,
2013-12-01,229451518.02955848,317497926.7601636,,1476356.7009623027,548425801.4906844,10413979.549518948,15469203.706563707,,39816735.6779178,,65699918.934000455,614125720.4246849,0.21644583790233643,0.28653565000000003,0.22617833,9.0,21.0,,152.0,182.0,4.0,4.0,,5356.0,,5364.0,5546.0,0.04043942710238639,,0.02382429516848288,,,,0.03941862205981788,0.03206087579045353,0.5798734400324115,0.16425136182227743,,0.12013197802417049,0.1292481269745049,,,0.33902290178381356,0.22114773134644305,,,,,,,,0.10422507718834448,,,,0.09702877628084822,0.02429543061824026,0.07923720248150373,,,0.005794753326301779,,,,,,,,
2014-01-01,69280145.86605598,99898466.07444721,14897206.703910613,750964.9366130027,184826783.5810268,1124733.5203956957,7039975.054568132,,42344757.313344926,,50509465.888308756,235336249.46933556,0.20426994654806857,0.29457178,0.25425193,11.0,10.0,1.0,121.0,143.0,2.0,1.0,,6054.0,,6057.0,6200.0,,,0.019385512708393553,,,0.06583203364704736,,,0.5448973607769152,0.3698850928676438,,,0.4172888081372736,,,,0.49430872524053787,,,,,0.08840246662218848,,,,,,,,,,,,,,,,,,,,
2014-02-01,518939619.9235834,575510284.4714637,,694763.3216582821,1095144667.7167056,,9762000.0,,33866673.12360696,18239.65574823378,43646912.77935519,1138791580.4960608,0.2383282134654061,0.37607433999999995,0.31722618,17.0,23.0,,87.0,127.0,,1.0,,5509.0,1.0,5511.0,5638.0,0.016679416160660467,,,,,0.010298545165936153,,0.5804787653103272,0.3398930310862324,0.05265024227684396,,,0.13770949627564785,0.053811556909858095,,,0.22308505125722072,,,,,,,,,,,,0.09313719325033326,,,,,,,,,,,,,
2014-03-01,201938675.7561157,186602552.3883405,624609.6189881323,576327.6483208793,389742165.4117652,,,,20744414.174544565,,20744414.174544565,410486579.5863098,0.2682133124841943,0.35224555,0.27851015,11.0,16.0,1.0,100.0,128.0,,,,3469.0,,3469.0,3597.0,,0.02036990878826898,,,,,,,0.8519179543661144,0.1277121368456167,,,0.14289964163230773,,0.04429302992346178,0.14788506413015803,,,,0.03241902065264725,,,,,0.037809683715756603,,,,0.5531487099876009,,0.04154484995806779,,,,,,,,,,,0.4922567023069401
2014-04-01,1151291263.4434726,234866847.59525296,,1762373.863835103,1387920484.9025607,1249219.2379762647,,,28293520.844472203,,29542740.082448468,1417463224.9850092,0.2752396829237711,0.36617721000000003,0.24906913,12.0,17.0,,180.0,209.0,1.0,,,4313.0,,4314.0,4523.0,,0.07877089569878501,0.033462502520764596,,,,,,0.7435644643422731,0.14420213743817736,,,0.08345900449447236,,0.013900212509091795,,0.021665957566765023,,,,,,,,,,,,0.8809748254296709,,,,,,,,,,,,,
2014-05-01,175189420.26580867,158085066.93725333,26383706.39034952,997193.6244582188,360655387.2178697,,,,42899655.99913005,,42899655.99913005,403555043.21699977,0.26604223558111584,0.34389754000000006,0.18913565,18.0,14.0,1.0,154.0,187.0,,,,5089.0,,5089.0,5276.0,,0.05822113899835063,,,,,,,0.8171388833097348,0.12463997769191462,,,0.28366243210243103,0.04674088444937108,,,0.6172982519448339,0.035388141663533025,,,,,,,,,,,,,,,,0.016910289839830957,,,,,,,,
2014-06-01,251191371.76802957,174168896.22141063,,874888.6230123336,426235156.6124525,,9478955.453149002,,56000921.45418758,,65479876.90733658,491715033.5197891,0.2689601652818679,0.32360385,0.19379784,10.0,13.0,,105.0,128.0,,3.0,,5795.0,,5798.0,5926.0,,0.07428322407872032,,0.021794206857700546,,0.1930194089298558,,,0.4587998015840331,0.03429520214999788,,0.21780815639969242,,,,,0.1174850083592063,,,,,0.02615535698442409,,,,,,,0.846572226026158,,,,,0.009787408630211486,,,,,,,,
2014-07-01,336134364.9141751,183009385.97380468,,1150021.976923184,520293772.8649029,2793954.897823563,,,73665233.71664788,,76459188.61447144,596752961.4793744,0.25437195407506064,0.33212692,0.17978462,22.0,14.0,,138.0,174.0,2.0,,,6673.0,,6675.0,6849.0,,0.02683674857507691,,,,,0.017774572908364407,,0.6771738069494289,0.2782148715671299,,,0.19885704239238974,,0.025307480958681298,0.1808998389791384,0.5034949138451719,0.0032702769359994133,,0.02881918806863228,,0.01866828951770588,,,,,,,0.03570974832293,,,,,0.0049732209793513955,,,,,,,,
2014-08-01,170193073.83044842,188820609.1210463,,1049864.2202496284,360063547.17174435,,,,66128593.25613181,,66128593.25613181,426192140.4278762,0.23703626434984712,0.36011481,0.23474986,9.0,15.0,,155.0,179.0,,,,6369.0,,6369.0,6548.0,,,0.09177746087798659,,,0.03874319299753214,,,0.7971589082896846,0.07232043783479669,,,0.3892162100867818,,,,0.09407183021126635,,,,,,0.06635070648137288,0.02484431190153808,,,,,0.4255169413190408,,,,,,,,,,,,,
2014-09-01,462111213.35621244,265268274.91477606,,1031813.8964870371,728411302.1674755,1774622.892635315,5050000.0,,80773678.19749786,203411.99881129275,87801713.08894446,816213015.2564199,0.2457474410272505,0.36652644,0.25756519,23.0,22.0,,149.0,194.0,1.0,1.0,,8108.0,2.0,8112.0,8306.0,0.01868168181227158,0.012835798433434192,0.08009501988245657,,,,0.08715875902799386,,0.5344822623414156,0.044785902515042976,,0.2219605759873851,0.18793560435514597,,0.11672107770584107,,0.11075813030966868,0.014952592738683606,,0.02867573429597502,,,,,0.07141377412152783,,,,0.4476392660671186,,,,,0.021903820406039224,,,,,,,,
2014-10-01,441934725.38255733,206157440.62069947,,898796.9516103105,648990962.9548671,2270205.795184049,10310758.377425043,,64403747.362842314,,76984711.53545141,725975674.4903185,0.24897125332156086,0.38516694,0.24558597,22.0,16.0,,122.0,160.0,2.0,1.0,,6966.0,,6969.0,7129.0,,,,,,0.12053292253803109,,,0.8350827967291214,0.04438428073284747,,,0.2164257775538829,,0.04502426379413002,0.053125974978324504,0.2254365864308204,,,0.19609417610257449,,,,,0.16261166475449862,,0.0798298962725246,,0.02032539100715229,,,,,,,,,,,,,
2014-11-01,263601639.3291329,134494308.3043518,,1087669.9432485322,399183617.57673323,3863812.0067570936,11730205.278592374,,49587317.688845396,,65181334.97419486,464364952.5509281,0.2466978672158947,0.41104224,0.24283054,19.0,12.0,,146.0,177.0,3.0,1.0,,5454.0,,5458.0,5635.0,0.08022051153508233,,0.044281220989168354,,,,,,0.7121141971704021,0.16338407030534716,,,0.176005667071384,,0.059659583897645564,,0.31508125622246547,,,,,,,,0.035137039766321564,,,,0.39093470444009376,,,,,0.02318174860208961,,,,,,0.0011262691060921284,,
2014-12-01,104173146.66961905,533672771.0333827,,1050554.2375953917,638896471.9405972,1285797.7790765634,,,51156595.80830968,,52442393.58738624,691338865.5279834,0.27023524037725416,0.37596083999999996,0.2522955,11.0,24.0,,152.0,187.0,1.0,,,5801.0,,5802.0,5989.0,,,0.026055889080215548,,0.5475766871262515,0.009930435734592855,0.01542671196624538,,0.3337345570391198,0.06727571905357492,,,0.4268995110517143,,0.1662600187208079,,0.10862321223092784,,,0.012192401372859247,,,,,,,,,,,,,,,,,,,,,,
2015-01-01,104666011.80429088,94015787.17097421,,1104695.1080621295,199786494.0833272,,,,43215535.90976612,,43215535.90976612,243002029.9930933,0.2614761728685837,0.39892509,0.25676097999999997,9.0,7.0,,156.0,172.0,,,,4877.0,,4877.0,5049.0,,0.154701670232153,,,,,,,0.7372654692162859,0.10803286055156114,,,0.5712388835476337,,,,0.34766447833893044,,0.0567532246587965,,,0.024343413454639203,,,,,,,,,,,,,,,0.11971623807279787,,0.1663086185508929,,,
2015-02-01,641492130.8560157,122127224.42130196,,814240.8815867283,764433596.1589043,1146131.8051575932,,,32950976.610525977,,34097108.41568357,798530704.5745878,0.25665429853677574,0.3941281,0.26631576,15.0,9.0,,115.0,139.0,1.0,,,3915.0,,3916.0,4055.0,,,,,,,,0.07784854401265062,0.7775539541058808,0.1445975018814686,,,0.07084636462730366,,,,0.14008484937557938,,,,,,,,0.012301425041021299,,,,0.774983882019732,,,,,0.001783478936363743,,,,,,,,
2015-03-01,241982108.37874916,154202237.95317683,,1499491.1596533423,397683837.49157935,915292.7799886299,,,40084060.83306059,,40999353.613049224,438683191.10462856,0.2664367710171656,0.39491793000000003,0.25626033,12.0,12.0,,199.0,223.0,1.0,,,5026.0,,5027.0,5250.0,,,,,,,,,0.8980618504702864,0.10193814952971354,,,0.027289717318117572,,0.22426135078981793,,,,,,,,,,0.04276709865501414,,,,0.7056818332370504,,,,,,,,,,,,,
2015-04-01,1801377592.629878,161675348.29891735,7514734.820672127,1765727.5230928438,1972333403.2725601,,,,35487355.739929214,,35487355.739929214,2007820759.0124893,0.262549797480159,0.36913648000000004,0.24899484000000002,13.0,17.0,1.0,289.0,320.0,,,,5279.0,,5279.0,5599.0,,0.19591756127611365,0.01762791934569214,,,,0.02604507350986271,,0.5611339643757275,0.19927548149260416,,,0.040722021106590754,,,,0.009387779556953118,,,,,,,,,,0.016353198902184774,,0.9335370004342713,,,,,,,,,,,,,
2015-05-01,231960407.7881171,189097209.52599615,,1258954.023232436,422316571.3373457,765764.4096250699,,,43541196.71953535,,44306961.12916042,466623532.4665061,0.257986852766042,0.36998382,0.24170729000000002,19.0,13.0,,178.0,210.0,2.0,,,5111.0,,5113.0,5323.0,,0.03135678743038438,,,,0.027362505786853335,,,0.8067266886367285,0.13455401814603385,,,0.31274946391519254,0.06532829017339419,0.1500850872829385,,0.43820197021891605,0.03363518840955868,,,,,,,,,,,,,,,,,,,,,,,,
2015-06-01,257231025.19885007,188797329.90415463,,1981869.4509868966,448010224.5539916,515539.01494189264,8566079.295154186,,76157897.69005363,,85239516.00014971,533249740.55414134,0.2589104761982917,0.39031784,0.18802072,9.0,17.0,,207.0,233.0,1.0,1.0,,7892.0,,7894.0,8127.0,,0.0733112832575164,0.14946043840566062,,,0.043402570567189935,0.03838951116876354,,0.6954361966008695,,,,0.4409056616713299,,,0.2144709859679042,0.2661433864166824,,,,,,0.07847996594408359,,,,,,,,,,,,,,,,,,,
2015-07-01,419393846.6251431,312955907.8812867,,1193098.8027553027,733542853.3091851,,,,83708597.77170347,,83708597.77170347,817251451.0808886,0.2618529141030541,0.35090196,0.19571606,24.0,20.0,,168.0,212.0,,,,8329.0,,8329.0,8541.0,,0.01739158837356725,,,,,,,0.670986790931119,0.18751818269815726,,0.12410343799715637,0.22409615011691578,,,0.07727879927343502,0.25715780714230596,,,0.13802777619610776,,0.006344852270516051,,,0.033913694401605375,,,,0.2288340058021489,0.005214638799355228,,,,0.01299397052318898,,,,,,,,
2015-08-01,225153302.23471013,129320397.02424128,,1477467.8674164596,355951167.12636787,1408713.4589867059,7093000.0,,70278214.31166865,,78779927.77065535,434731094.8970232,0.2580819177482536,0.33472141,0.22388577999999998,20.0,15.0,,193.0,228.0,3.0,1.0,,6710.0,,6714.0,6942.0,0.051996359263302705,0.01800766356865332,3.9786476481621243e-05,,,,0.04711116598304033,0.04396697024882563,0.6709089348433298,0.1679691196163664,,,0.16562945658154452,,0.2495976548660619,,0.19750975242769478,,0.003823531596501883,0.008619305201331902,,,,,0.1920641519323098,,,,0.045515467154296975,0.07494281332850422,,,0.0622978669117541,,,,0.016138305474420838,,,,,
2015-09-01,536681274.6373877,196866559.16125846,5930942.895086322,942216.5894534586,740420993.283186,9020960.466967367,5465000.0,,180622470.48676345,,195108430.95373082,935529424.2369168,0.273796973114311,0.33766851000000003,0.11038329,16.0,16.0,1.0,159.0,192.0,2.0,1.0,,13117.0,,13120.0,13312.0,0.058215628242154115,,0.037120900194061404,0.01253726429799676,,0.03059055674948888,0.021181799228967502,,0.6778319551905003,0.16252189609683104,,,0.0738158528965784,0.08389919670630372,,,0.14668055683773767,,,0.03360447275437701,,,,,0.03592138500579519,,,,0.5986867613835962,0.01743641914257709,,,,0.009955355273034667,,,,,,,,
2015-10-01,401785761.49413633,242342152.49912894,,1245594.9971279867,645373508.9903933,1257202.7239392353,,,92395781.58605382,299399.3003280948,93952383.61032115,739325892.6007144,0.25746206668248733,0.35431496,0.17350436,16.0,18.0,,157.0,191.0,1.0,,,9147.0,14.0,9162.0,9353.0,,,,,,,0.03955799399444339,,0.7586299448585151,0.07524322897960325,,0.1265688321674382,0.30809358671480674,,,,,,,0.008324622917769569,,,,,0.10678356833228281,,,,0.521519576353041,,,,,0.003118463050848593,,,,,,,,
2015-11-01,707069117.286734,238453104.31888428,,766673.4278296988,946288895.033448,1561686.6215512753,,,63589544.22014537,,65151230.84169664,1011440125.8751446,0.29117324721081295,0.36525188999999997,0.27740127000000003,20.0,20.0,,117.0,157.0,1.0,,,7855.0,,7856.0,8013.0,,,0.02390407126919752,,,0.023739347581413498,,,0.735729540009214,0.21662704114017498,,,0.07470160672041319,,0.03133236266689246,0.025957760960823535,0.44366958614543206,,0.0058634992037292465,0.06982198696915327,,,,,0.15204348206050275,,,,0.19660971527305343,,,,,,,,,,0.05216018263125122,0.0,,
2015-12-01,476462996.4594488,697875267.1448966,1425475.879784228,643004.8432086702,1176406744.3273382,2276606.7041581552,12658189.21668362,,45194899.79301767,,60129695.71385945,1236536440.0411978,0.3112416004835597,0.38836124,0.32214015,16.0,20.0,1.0,116.0,153.0,3.0,1.0,,6029.0,,6033.0,6186.0,,0.008046994953419007,0.02597367048755459,,0.7252735189567966,0.01781505023212031,0.03568641931713675,,0.1735223177766548,0.013682028276317756,,,0.05256602018832979,,0.019337010677684677,,0.05655097544899221,,0.017079279038523718,,,,,,0.011271325847993405,,,,0.68529155907949,,,,,0.0035840180822889426,,,,,,0.0,,
2016-01-01,133506351.1626774,169107506.80867895,,1068294.2752615788,303682152.246618,,,,30434860.256823003,,30434860.256823003,334117012.503441,0.3284441150295421,0.39383869,0.27522743,9.0,15.0,,222.0,246.0,,,,5329.0,,5329.0,5575.0,,,,,,,0.04812355520794152,,0.7207091297767719,0.2311673150152865,,,0.4341782606535746,,,,0.5658217393464254,,,,,,,,,,,,,,,,,,,,,,,0.15431981163669733,,
2016-02-01,191446386.16978344,122696978.46115535,,1455107.6140869684,315598472.24502575,,,,33516835.708044898,,33516835.708044898,349115307.95307064,0.31837651515622134,0.37755057000000003,0.24684729,16.0,13.0,,285.0,314.0,,,,5593.0,,5593.0,5907.0,,,0.07349259812507736,,,,,,0.8867497555973323,0.03975764627759046,,,0.2693131639793594,0.03288507994259465,0.10360977092075392,,0.2802811546980968,,,,,,,,0.1637759198944658,,,,0.11413632684968224,,,,,0.035998583715047314,,,,,,,,
2016-03-01,1522513213.9512868,128143792.76759107,,756571.570446506,1651413578.2893243,4032258.064516129,,,82532497.6980578,365114.08,86929869.84257393,1738343448.1318982,0.34103413479748734,0.40705854,0.17193740999999998,9.0,15.0,,154.0,178.0,1.0,,,10771.0,8.0,10780.0,10958.0,,,0.028628497101900328,,,,,,0.6572692492276123,0.31410225367048733,,,0.01623470842115576,0.23582658138877455,,,0.020122737617168533,,,,,,,,0.005508382848307584,,,,0.7196661629617265,0.0026414267628670986,,,,,,,,,,,,
2016-04-01,166763046.8434538,217600703.65332365,,487434.8668331253,384851185.36361057,,,,76396078.8916632,235873.44,76631952.33166319,461483137.69527376,0.3608619882663152,0.42076379,0.19009715,8.0,22.0,,110.0,140.0,,,,10723.0,1.0,10724.0,10864.0,,,0.07464561272276589,,,0.027634393421433714,0.021556031057718316,,0.8175661628671698,0.058597799930912464,,,0.3143132689882817,,,,,,,,,,,,,,,,0.6246016703333702,,,,,,,,,,,,,
2016-05-01,332712781.9916685,171937009.21332663,252615040.01855555,758301.4337221633,758023132.6572728,210748.1559536354,,,78737101.59278896,674555.2,79622404.9487426,837645537.6060154,0.33162597257054666,0.40926369,0.19256096,17.0,18.0,2.0,191.0,228.0,1.0,,,10038.0,3.0,10042.0,10270.0,,0.07273287010638381,0.1255197942853854,0.01716020417506604,,,,,0.6835686573890078,0.1010184740441569,,,0.3263242318931396,0.0006330227120329621,,,0.5822458593492966,0.021197549531379006,,0.005908763219308845,,,,0.025709210572865095,,,,,0.037981362721977725,,,,,,,,0.06108506067834824,,,,,
2016-06-01,701425579.2173685,188244944.72061032,11408710.902527075,987173.7501759324,902066408.5906818,6551219.9734571995,,,85530611.23574947,1096241.7240416368,93178072.93324831,995244481.5239301,0.30036547877663,0.3733277,0.21330618999999998,12.0,18.0,1.0,259.0,290.0,2.0,,,9913.0,10.0,9925.0,10215.0,,0.04778560985844748,,,,,,,0.6866734626771914,0.2655409274643612,,,0.09948875581619138,,,,,,,,0.09181091820281545,,0.019886338980966724,,0.03613464049495527,,,,0.03718807538938715,,,0.009253438786334304,,,,,,,,,,
2016-07-01,2503478458.1486497,139587724.19994012,,789142.0940056323,2643855324.4425955,133067.19893546242,,,71341199.04251039,893220.31,72367486.55144586,2716222810.9940414,0.2937178382308098,0.37293013,0.25995916,19.0,17.0,,216.0,252.0,1.0,,,8225.0,7.0,8233.0,8485.0,,0.051119217956517984,,,,0.09121757157782664,0.04428615947000482,,0.6944919779189141,0.11888507307673635,,,0.022000592492443002,0.002584396835253004,,0.13979804632486195,0.13733202691450486,,0.0023894385720537293,0.07988459789992111,,,,,0.10419730160859277,,0.010665500387172377,,0.49927873687450697,,,,,0.001869362090690423,,,,,,0.7062378323293497,,
2016-08-01,276043865.1071166,645012938.4801513,,1157679.0006724952,922214482.5879403,7443931.235488811,,,79165144.14122395,154316.88,86763392.25671276,1008977874.8446531,0.28991570154182217,0.3383137,0.25083023,21.0,21.0,,150.0,192.0,2.0,,,9225.0,3.0,9230.0,9422.0,,0.00431562746960496,0.010340985995105002,,0.7256767289157007,,0.010986476753521412,,0.1875163729445767,0.061163807921491155,,,0.2590010830130669,,,0.011853120653216753,0.6306056020037756,,0.016145390648984292,,,,,,0.046412259923078576,,,,,,,,,,,,,,,,,
2016-09-01,791706686.4824419,163556332.0351746,,1424463.850431937,956687482.3680484,2608412.1291164,,,102356686.06684327,3956765.71,108921863.90595967,1065609346.274008,0.28018923752992664,0.28959820000000003,0.20634436999999997,16.0,15.0,,67.0,98.0,1.0,,,12543.0,21.0,12565.0,12663.0,,,0.10179989024476213,,,,0.027904347365686488,,0.6909788744391996,0.17931688795035167,,,0.16188047792857418,0.2643408296305728,,,0.061723624132898246,0.0082852664131234,,,0.09442096736055755,,,,0.0206652187657957,,,,0.3886836157684781,,,,,,,,0.03598254375787799,,,,,
2016-10-01,738258595.4769399,179977461.46376354,,1526150.7151022693,919762207.6558057,,5115000.0,,52657557.8192465,1111478.52,58884036.339246504,978646243.9950522,0.27215711692380445,0.28779657000000003,0.25310337,13.0,13.0,,177.0,203.0,,1.0,,7249.0,6.0,7256.0,7459.0,0.0276348369866019,,,,,0.028934204040536184,,,0.8607211189984484,0.08270983997441343,,,0.09518109228103765,,,,0.6008961457303069,,,,,,0.008424082123293654,,0.019531283776620126,,,0.008899730086661737,0.2670676660020799,,,,,,,,,,,,,
2016-11-01,1076385614.8786783,150467832.16460901,,1988110.6611947103,1228841557.704482,3551995.098355369,,,47820458.16624323,2045243.6000000003,53417696.8645986,1282259254.5690806,0.2631117276700953,0.29362238,0.24977796000000002,30.0,12.0,,160.0,202.0,1.0,,,6620.0,17.0,6638.0,6840.0,,0.033064372009206325,,,,0.061969312553650076,,,0.4312826826613745,0.20784608182175024,,0.2658375509540188,0.09003620394647732,,0.015151278249423307,0.0028887142031975344,0.46525697267258476,,,,,,,,,,,,0.27779382552143905,,,,,0.033677401360219114,,,,,,,,
2016-12-01,386957374.0551502,225610063.23101386,22856947.747928068,749195.0769230769,636173580.1110152,7869908.449120866,8871916.5085389,,55895027.29949559,1720832.19,74357684.44715536,710531264.5581706,0.27443737446183075,0.2839586,0.25034011,20.0,20.0,1.0,155.0,196.0,3.0,2.0,,7282.0,16.0,7303.0,7499.0,,,0.14143402318910292,,,0.037836240202309974,0.01858103697914574,,0.5752910912956939,0.22685760833374752,,,0.37895400506966626,,,,0.38326588735807404,,,0.03185852880383255,,,,,,,,,0.09117910943656878,,,,,0.005107144539785409,0.008322814809768713,,,,,0.11519560404665904,,
2017-01-01,1193905312.327726,152623583.82257095,,748469.2621589561,1347277365.4124558,2196422.9683087543,,,50090855.623962045,2776846.0700000003,55064124.6622708,1402341490.0747266,0.24261834537943194,0.29541404,0.24706085000000003,12.0,16.0,,99.0,127.0,1.0,,,6837.0,31.0,6869.0,6996.0,,,0.015530976116755652,,,,,,0.9104549013909022,0.07401412249234206,,,0.04308166012964126,,,,0.026253706532071902,,0.00418338475832559,,,,,,0.9196542129652127,,,,,,,,,0.006827035614748609,,,0.10131250998230415,,,,,
2017-02-01,1267413923.1115706,136013410.81601974,,278003.0616556758,1403705336.9892461,,,,52176574.56431269,2720910.8799999994,54897485.44431269,1458602822.433559,0.22659245165953618,0.28366527999999996,0.22174028,16.0,12.0,,49.0,77.0,,,,6175.0,33.0,6208.0,6285.0,,,,,,,0.06795402762145158,,0.7692247003519375,0.162821272026611,,,0.038042826290079164,,0.04049409084883182,,0.4727877331160028,,,0.07778043005712032,,,,,0.055645108466799924,,,,,,,,,,0.3152498112211659,,,,,,,
2017-03-01,243907391.3041168,178303536.31727135,45629946.0,1782619.6912786209,469623493.3126668,641642.6050689765,,,94630543.3213275,3085637.646458234,98357823.57285471,567981316.8855215,0.23233871388846886,0.24924813,0.19445493,6.0,15.0,2.0,117.0,140.0,1.0,,,10636.0,68.0,10705.0,10845.0,,,0.14062131017355314,,,0.03458447314169512,,,0.4943558428286924,0.33043837385605945,,,0.01963424845693893,,,,0.397520364092529,,0.06887717295583332,0.4089159478631815,,,,,,,,,0.10505226663151739,,,,,,,,,,,,,
2017-04-01,332703386.6900356,258222170.6380414,56626.0,649590.2717815343,591631773.5998585,973393.900064893,10648962.386511024,,68221428.553316,2761953.37,82605738.20989192,674237511.8097504,0.23578472073741025,0.24983782999999998,0.22069765,8.0,15.0,1.0,125.0,149.0,1.0,1.0,,7843.0,71.0,7916.0,8065.0,,,,,,0.03960619448700205,0.019193106627523358,,0.49626267685466674,0.15731796728533162,,0.28762005474547625,0.9416943160267798,,,,0.05830568397322023,,,,,,,,,,,,,,,,,,,,,,,,,
2017-05-01,1506671036.760783,229419457.9913719,,645137.3491680427,1736735632.101323,,,,79748032.75689064,7138237.310000004,86886270.06689064,1823621902.1682136,0.2451431350908616,0.25860917,0.23079961000000002,30.0,19.0,,70.0,119.0,,,,9109.0,97.0,9206.0,9325.0,,,0.04638265508482045,,,,,,0.91726420413557,0.03635314077960956,,,0.10751524773837004,,0.029787066424490537,0.06502758547200926,0.352192496079991,,,,,,,,0.19911446671529237,,0.014412918329011391,,0.19911446671529237,,,,,0.03283575252554291,,,,,,,,
2017-06-01,414341422.79496086,225584945.76897392,668641232.0,1604762.9151702786,1310172363.479105,6173721.610231425,,,86459674.5876161,12286444.345580524,104919840.54342805,1415092204.022533,0.2572470836218105,0.25982943,0.22226334,19.0,16.0,2.0,97.0,134.0,2.0,,,10134.0,129.0,10265.0,10399.0,,,0.10685035656549957,,,,0.031894048919123834,,0.5174589806095866,0.34379661390579,,,0.30013699672208055,,,0.3567053458019237,0.17935477219503246,,0.014681330012416062,0.022245422251445192,,,0.03707570375240866,,0.038022759911812996,,,,,,,,,,,,,,,,,
2017-07-01,875184527.3332313,218379591.15112907,470039518.0,607277.4995643841,1564210913.9839249,9398428.731762065,,,70170364.2272173,9565054.571658766,89133847.53063813,1653344761.514563,0.27218803699636107,0.30894304,0.25797379,9.0,18.0,3.0,130.0,160.0,3.0,,,9509.0,144.0,9656.0,9816.0,,,0.19043191484456337,,,,0.03067047040004661,,0.6647726356840205,0.11412497907136968,,,0.07150918975219521,,0.004521904896058281,,0.026692120591776378,0.01599655050254097,,,,,,,0.018827457614845212,,,,0.8478571680109276,0.006102795328294144,,,,0.00849281330336223,,,0.0517776693528804,,,,,
2017-08-01,689079760.1655586,249801087.55392197,,534270.1335549696,939415117.8530354,2378190.255220418,9102411.021814005,,75361084.54144216,13351086.651612483,100192772.47008908,1039607890.3231245,0.2813,0.30958225,0.26735893,17.0,21.0,,130.0,168.0,2.0,1.0,,9353.0,242.0,9598.0,9766.0,,0.03,0.08,0.02,,0.07,0.03067047040004661,,0.53,0.24,,,0.1323386654557318,0.21693293121977866,0.05061768395128169,,0.4153001167192742,,0.009480727143823801,0.004732036775950541,,,,,0.1705978387341593,,,,,,,,,,,,,,,,,
2017-09-01,242613061.49808043,210700240.61494586,891800000.0,323679.52742225054,1345436981.6404483,4738216.836190797,,,64811489.037470326,14258738.170000004,83808444.04366113,1429245425.6841094,0.2767917794610165,0.30962579,0.27514987,11.0,17.0,2.0,68.0,98.0,3.0,,,9023.0,245.0,9271.0,9369.0,,,0.19081855437128023,,,0.02507494435851163,,,0.722915224859578,0.06119127641062997,,,0.24916344795306236,0.5674040973339622,,,0.11726277943912164,,,,,,,,0.05082684366199665,,,,,,,,,0.01177981748618764,,0.0035630141256694455,,,,,,
2017-10-01,134010931.4098198,135072910.4462397,82500020.0,126955.94363781172,351710817.7996973,2296454.5382989617,4521000.0,,61626644.23026814,16421460.662052548,84865559.43061964,436576377.23031694,0.2852238578086278,0.31335346000000003,0.27876049999999997,9.0,12.0,3.0,26.0,50.0,2.0,1.0,,8417.0,259.0,8679.0,8729.0,0.03238679957848966,,0.08085368251018614,,,,,,0.6176842844256639,0.26907523348566015,,,0.5863041412096882,0.0020738142116285448,,,0.1478626249177848,,0.04364477923864454,,,,,,0.22011464042225376,,,,,,,,,,,,,,,,,
2017-11-01,536319909.934114,183154347.5831631,114000000.0,119257.53169122219,833593515.0489683,6589666.073765,,,68500971.87633462,16606964.468658311,91697602.41875793,925291117.4677262,0.28593668192946603,0.32,0.30102136,14.0,14.0,4.0,27.0,59.0,6.0,,,8633.0,426.0,9065.0,9124.0,,,0.029344020997997166,,,,0.04636233586883432,,0.8433749867159698,0.08091865641719866,,,0.2763867010442563,,0.036838547124300035,0.004065047417003625,0.6669622491033972,,,,,,,0.01574745531104305,,,,,,,,,,,,,,,,,,
2017-12-01,2224178698.752985,200592500.69298434,71082959.63660187,119257.53169122219,2495973416.6142626,7600138.246181277,,,68500971.87633462,19000210.98545818,95101321.10797408,2591074737.7222366,0.2826175276278777,0.32360374999999997,0.29398673,26.0,20.0,5.0,17.0,68.0,4.0,,,9033.0,488.0,9525.0,9593.0,,0.03239792841717178,0.07640014457130037,,,0.08149783683078173,0.034229683339784656,,0.566080629515412,0.2093937773255493,,,0.0326748875252131,,0.004524529864965187,0.013916574321941879,0.20869913531213755,,,,,,,,0.03853428421054256,,,,0.6721096083234167,,,,,0.01741499037890219,,0.012125990062880999,,,,,,
2018-01-01,521210951.12164336,226980990.16830188,,463217.2066636865,748655158.496609,9940538.427522128,,,74027352.56504247,22017032.385040253,105984923.37760484,854640081.8742138,0.25005135943669826,0.31495429,0.26872204,11.0,11.0,,100.0,122.0,5.0,,,9959.0,496.0,10460.0,10582.0,,0.04634554028058915,,,,0.08680999941529151,0.04479568164429283,,0.7135676804845853,0.10848109817524122,,,0.0727446899379049,,0.0007530808213293629,,0.42531902266637595,,,,,,,,0.2824053079985111,,,,0.1882702053323407,,,,,0.0075262490316707455,,,,,,,,
2018-02-01,1374083026.8173318,124277237.93883228,10198878.123406425,306991.2700665441,1508866134.149637,7883813.306852037,,,59257450.602361634,11058330.874054799,78199594.78326848,1587065728.9329054,0.26504893133539026,0.30943249,0.27215589,20.0,7.0,1.0,70.0,98.0,5.0,,,8325.0,255.0,8585.0,8683.0,,,,,,,,,1.0,,,,0.11231624038981168,,0.0839841419916195,,0.35749162182994254,,0.008441235825131477,0.001447212727492275,,,,,0.4341638182476825,,,,,,,,,,,,0.017215864362465607,0.005765579849401783,,,,
2018-03-01,400652749.52399683,293713448.9431613,,126563.44521105873,694492761.9123691,1000000.0,,,70885497.63871075,14705489.40428021,86590987.04299097,781083748.95536,0.2546761137155197,0.30873424,0.26530869,12.0,17.0,,32.0,61.0,1.0,,,9975.0,416.0,10392.0,10453.0,,,0.14699424730125035,,,,,,0.7728214947518327,0.08018425794691712,,,0.24187906399344394,0.062242820520033236,,,0.6515030805938535,,0.041885322071867986,,,,,,,,,,,,,,,,,,,,,,,
2018-04-01,919875507.2775029,168327999.55715293,,94649.7082734647,1088298156.5429292,2487167.79318786,,,67802954.25545001,13099748.360947892,83389870.40958576,1171688026.952515,0.2422244338110858,0.30500001,0.27113908999999997,16.0,17.0,,24.0,57.0,4.0,,,10346.0,369.0,10719.0,10776.0,,0.01721144418032564,0.1423211650053854,,0.09396005817479276,,,,0.5678556707838578,0.17865166185563838,,,0.17593108715380482,,0.00918534783440872,,0.7704162332991255,,,,,,0.009883850784406747,,,,,0.0069498219989931,,,,,,0.026007400581496816,,,,,,,,
2018-05-01,515000000.0,67367469.57052968,,,582367469.5705297,1942507.068803016,,,71199439.17077474,17619461.927471776,90761408.16704953,673128877.7375792,0.4274517772119974,,0.33093954,2.0,9.0,,,11.0,3.0,,,12966.0,544.0,13513.0,13524.0,,,0.1464398330958779,,,,,,0.7445720487414748,0.10898811816264736,,,0.029016766458331813,,,,,,,,,,,,,,,,,,,,,,,,,,,,,
2018-06-01,16259850.905218318,94501977.94030689,,201667.0292996487,110963495.87482485,434467.77697320783,,,80934075.39988042,12797623.901354976,94166167.0782086,205129662.95303345,0.47387633596511247,0.43187451000000004,0.29540521999999997,3.0,11.0,,68.0,82.0,1.0,,,15396.0,424.0,15821.0,15903.0,,,0.06343998260774378,,,,,,0.8755532905832106,0.06100672680904564,,,0.7188074115777401,,,,,,0.2551677002405893,0.026024888181670532,,,,,,,,,,,,,,,,,,,,,,0.9672255486110605
2018-07-01,7200000.0,88004172.50964934,,194969.3732368897,95399141.88288623,,,,79849802.53960216,11190603.550954772,91040406.09055693,186439547.97344315,0.47697497871279926,0.48903035,0.37374232,1.0,10.0,,67.0,78.0,,,,15704.0,412.0,16116.0,16194.0,,,0.05254580502957776,,,,,,0.8529555811302143,0.09449861384020765,,,1.0,,,,,,,,,,,,,,,,,,,,,,,,,,,,,
2018-08-01,1824069.417637271,54432175.49990675,9529702.97029703,108271.47465893363,65894219.36249999,3675882.390753949,,,67750729.11619323,15052734.447886983,86479345.95483418,152373565.31733418,0.45789503528198133,0.4979334,0.39067611999999996,1.0,10.0,1.0,41.0,53.0,6.0,,,13292.0,550.0,13848.0,13901.0,,,,,,0.08637996077706346,0.12675335724482803,,0.6007743352186607,0.18609234675944766,,,0.33165189099553694,,,0.026363867366760375,,,,,0.109091864965905,,,,,,,0.06977943393802882,,,,,0.21242640675823438,,,0.2506865359755345,,,,,,
2018-09-01,10000000.0,54109604.16468768,4732092.547128311,,68841696.71181598,,,,,5901634.346720841,5901634.346720841,74743331.05853683,0.6300192560451341,,,1.0,10.0,2.0,,13.0,,,,,219.0,219.0,232.0,,,0.0765780900871359,,,,,,0.6696172426449789,0.2538046672678853,,,1.0,,,,,,,,,,,,,,,,,,,,,,,,,,,,,
2018-10-01,3119576.868686869,70941315.18949822,25731969.598959755,,99792861.65714484,370285.38649075,2372317.4945414844,,,612944.5148534201,3355547.3958856547,103148409.0530305,0.7529571882748165,,,1.0,9.0,1.0,,11.0,2.0,1.0,,,25.0,28.0,39.0,,,0.4478350178267402,0.03235847696656199,,,0.00946200196942528,,0.4448733046498314,0.06547119858744138,,,0.09048766128683156,,,,,,,,,,,,0.893896847664578,,,,,,,,,0.015615491048590368,,,,,,,,
2018-11-01,217980080.43907422,111897736.20819485,,,371280594.42504686,281579.27039323375,,,,,281579.27039323375,371562173.6954401,0.6678345918304158,,,14.0,16.0,,,30.0,2.0,,,,,2.0,32.0,,,0.036445972746605965,,,,,,0.670699114304511,0.29285491294888294,,,0.5628965954929681,,0.3372346755631642,,,,,,,,,,0.00689055513461196,,,,,,,,,,,0.09168807425275083,,,,,,
2018-12-01,94049300.30898611,87180297.15613887,,,181229597.46512496,5174760.675117063,,,,,5174760.675117063,186404358.14024204,0.7348314656780687,,,10.0,15.0,,,25.0,8.0,,,,,8.0,33.0,,,0.04080677370933851,,,0.035229941127542436,,,0.7746354132873021,0.1493278718758169,,,0.6376577926525694,,,,,,0.013555179929749946,0.08258709962921498,,0.13714168195999527,0.037897587965795156,,,0.009554134255318177,,,0.052563561179335264,,,0.016207709976789376,,,,0.009372726642875428,,,,,,
2019-01-01,66612051.754313104,62355393.00288384,,,128967444.75719693,1075633.423180593,,,,,1075633.423180593,130043078.18037753,0.6471644960769438,,,3.0,8.0,,,11.0,2.0,,,,,2.0,13.0,,,0.5525035962422897,,,,0.07510498032302576,,0.37239142343468457,,,,0.9841088756343191,,,0.012705413071002047,,,,0.00318571129467863,,,,,,,,,,,,,,,,,,,,,,
2019-02-01,368052247.99109733,72924603.90397553,,,546323177.8950729,636261.8740380281,5097559.34855091,,,,5733821.222588938,552056999.1176618,0.5206010730104548,,,11.0,10.0,,,21.0,2.0,1.0,,,,3.0,24.0,,,0.20189953405137956,,,,0.06533476048404549,,0.4988615104806089,0.23390419498396606,,,0.06540148585912024,,,,0.9328727704385041,,,0.0010352353791893158,,,,,,,,,,,,,,0.0006905083231863562,,,,,,,,
2019-03-01,33745418.320866786,94259436.28688864,,,128004854.60775542,,9482003.880069403,,,,9482003.880069403,137486858.48782483,0.5225794876282095,,,5.0,9.0,,,14.0,2.0,3.0,,,,5.0,19.0,,0.018877551051668235,0.06458918690830347,,,,,,0.36382949649891516,0.1453777545276392,,0.4073260110134739,0.41802489065023385,0.28454640801725256,,0.1408495810291664,0.15657912030334717,,,,,,,,,,,,,,,,,,,,,,,,,
2019-04-01,158000000.0,90362252.35042414,,,248362252.35042414,675827.8891642261,679204.5999041686,,,,1355032.4890683948,249717284.83949253,0.6392374004352581,,,2.0,8.0,,,10.0,1.0,1.0,,,,2.0,12.0,,,0.49116240354557994,,,,,,0.4241038475581362,0.08473374889628381,,,,,,,,,,,,,,,,,,,0.05041725703544484,,0.9453235694145907,,,0.004259173549964365,,,,,,,,
2019-05-01,96347038.0,53251486.056740336,,,149598524.05674034,665631.2402928778,1474613.429844098,,,,2140244.6701369756,151738768.72687733,0.8095843061286094,,,1.0,9.0,,,10.0,2.0,1.0,,,,3.0,13.0,,,0.11334123408670453,,,0.026945341321202413,,,0.6102982954657722,0.24941512912632086,,,,0.993138718421981,,,,,,,,,,,,,,,,,,,,,,0.006861281578019059,,,,,,
2019-06-01,70787965.0,63243057.84532783,,,144636022.84532782,4633788.000715082,9753290.479177509,,,,14387078.47989259,159023101.3252204,0.7549201441172972,,,3.0,8.0,,,11.0,5.0,5.0,,,,10.0,21.0,,0.04797799002048891,,,,,0.015179950692762607,,0.7656991782940815,0.17114288099266708,,,0.9066143179832963,,,,,,,,,,,,,,,,,,,0.042059256337320515,,,,0.004640571003390515,,,,,,
2019-07-01,848167368.3966362,41576497.733059146,1930870.0834326579,,891674736.2131281,2722353.791236087,6878913.451400476,,,,9601267.242636563,901276003.4557647,0.692125554888825,,,6.0,6.0,1.0,,13.0,3.0,2.0,,,,5.0,18.0,,,0.11255169434097675,,,,0.09825678453069733,,0.6034558133706827,0.1857357077576432,,,0.004191999159219412,,0.06999954923283115,,0.041178711509809444,,,0.0009013562042225298,,,,,0.35257212794698845,,,,0.05876202132449807,,,,,,,,0.046685854675992684,,,,,
2019-08-01,268876559.5998637,57832171.37439047,,,326708730.9742542,,13229414.62212841,,,,13229414.62212841,339938145.5963826,1.0397,,,6.0,5.0,,,11.0,,3.0,,,,3.0,14.0,,0.12380272515210919,0.5728961214290139,,,,,,0.3033011534188767,,,,,0.48415030799481873,0.023218416693855843,,0.009138031447065952,,,,,,,,0.29753430391646746,,,,0.18595893994779214,,,,,,,,,,,0.4723942346224309,,
2019-09-01,,20908350.23806676,,,20908350.23806676,,3605905.832394488,,,,3605905.832394488,24514256.070461247,1.13,,,,5.0,,,5.0,,2.0,,,,2.0,7.0,,,,,,,,,0.928,0.072,,,,,,,,,,,,,,,,,,,,,,,,,,,,,,,,
2019-10-01,183747653.0575495,40789481.393233225,,,224537134.45078272,,10277492.29188078,,,,10277492.29188078,234814626.7426635,0.8584457675347684,,,2.0,9.0,,,11.0,,1.0,,,,1.0,12.0,,,,,,,,,0.635,0.365,,,,,,,,,,,,,,,,,,,1.0,,,,,,,,,,,,,
2019-11-01,216736970.59587434,41900162.56706998,8331185.053440213,,266968318.21638453,,1034100.2675585285,,,,1034100.2675585285,268002418.48394305,0.5735576277416944,,,5.0,6.0,2.0,,13.0,,1.0,,,,1.0,14.0,,,,,,,,,0.7540564093015609,0.24594359069843907,,,,,0.08528863502349546,,0.36095470881594877,,,,,,,,,,,,0.5535546640636388,,,,,,,,,,,,,
2019-12-01,308081716.4157347,29023889.49563881,2877289.0,,339982894.9113735,4605888.496375394,4793347.754220033,,,,9399236.250595428,349382131.16196895,0.5246372611886624,,,16.0,8.0,1.0,,25.0,4.0,2.0,,,,6.0,31.0,,,,,,,0.03328456868207652,,0.9229968671570148,0.04371856416090861,,,0.19778342505375665,,0.028830631142331087,0.08800633124233254,0.1049960900575468,,,,,,,,0.2177587952677479,,,,0.14609106733823277,,,0.010734550994445476,,,,,,,,,,
2020-01-01,547669807.117142,37796466.7944244,22404388.95629051,,607870662.8678569,,1017906.7695370831,,,,1017906.7695370831,608888569.637394,0.4558428009949183,,,11.0,3.0,1.0,,15.0,,1.0,,,,1.0,16.0,,,0.026224995435252703,,,,,,0.973775004564747,,,,,0.03,0.09,,0.12,,,0.49,,,,,,,,,0.13,,,,,,,,0.20180365965493421,,,0.0034617019998225136,,
2020-02-01,426235431.2098229,38264426.01855338,,,464499857.22837627,1330720.495679113,,,,,1330720.495679113,465830577.7240554,0.4480521944416865,,,22.0,6.0,,,28.0,1.0,,,,,1.0,29.0,,,,,,,,,1.0,,,,0.05687090085975799,0.05140568286878534,0.11212786969781854,,0.12944527581372567,,,,,,,,0.11354081743218784,,,,0.5156743735512402,0.017822764897556177,,0.003112314878928217,,,,,0.005691841981227288,,,0.1328167719194478,,
2020-03-01,115399155.37148064,19772845.225261543,22556507.936507933,,157728508.53325012,5116053.2290148875,465915.4715812297,,,,5581968.700596117,163310477.23384625,0.41565223615941904,,,9.0,3.0,1.0,,13.0,2.0,1.0,,,,3.0,16.0,,,,,,,,,0.3229002835355086,0.6770997164644917,,,0.21012315618973154,,0.11493770919750161,0.34478728084493937,,,,,,,0.04245151535997799,,,,,,0.2877003384078494,,,,,,,,,,,,,
2020-04-01,26939684.52345384,20343171.506881326,,,47282856.030335166,,,,,,,47282856.030335166,0.3731176749436064,,,2.0,4.0,,,6.0,,,,,,,6.0,,,,,,,,,0.889,0.111,,,,,,,,,,,,,,,1.0,,,,,,,,,,,,,,,,,
2020-05-01,796991943.779569,21022745.03111712,,,818014688.8106861,,,,,,,818014688.8106861,0.4309594706497424,,,8.0,3.0,,,11.0,1.0,,,,,1.0,12.0,,,0.509,,,,,,,0.491,,,,0.08245924627382867,,,,,,0.07320274747486803,,,,,0.3487221544143363,0.3839437379364943,,,0.11167211390047282,,,,,,,,,,,,,
2020-06-01,266541508.03997993,20169159.231046997,,,286710667.2710269,3985272.4081632653,7724223.744008581,,,,14255400.838781532,300966068.10980844,0.28536186712612355,,,11.0,4.0,,,15.0,2.0,3.0,,,,6.0,21.0,,0.148,0.244,,,,,,0.4,0.21367457790685615,,,0.1402084386341398,,0.4547612838780761,,0.11089475116032237,,,,,,,,0.045,,,,0.17948329891615825,0.07017890198047332,,,,,,,,,,,,
2020-07-01,497826937.63271487,33461107.201294776,,,531288044.83400965,966583.8166252417,4182320.6260249484,,,,5148904.44265019,536436949.27665985,0.292,,,16.0,4.0,,,20.0,1.0,2.0,,,,3.0,23.0,,0.06,0.055,,,,,,0.19,0.055,0.64,,0.101,0.11,0.047,0.071,,,,,,,,,0.177,,0.042,,0.24,,0.12,,,0.03,,0.06036975851847451,,,,,,
2020-08-01,630329583.8638238,31889682.384552162,,,662219266.2483759,17192777.206110507,2862647.568681319,,,,20055424.774791826,682274691.0231677,0.271,,,16.0,6.0,,,22.0,6.0,1.0,,,,7.0,29.0,,0.08237282428354038,,,,,,,0.5738370116586354,0.34379016405782414,,,0.1047,,0.04,0.001,0.025,0.003,0.02,,,,,,0.04,0.06,,,0.05,0.03,,,,,,,,,,0.0019378435666458688,,
2020-09-01,400554787.70174885,39382448.346081525,,,439937236.04783034,5689989.392734023,3296085.0,,,,8986074.392734023,448923310.4405644,0.29626912335719474,,,15.0,7.0,,,22.0,1.0,1.0,,,,2.0,24.0,,,,0.04,,,,,0.74,0.22,,,0.04,,0.03,,,,,,,,0.015,,0.12,,,,0.74,,,,,0.055,,,,,,0.6,,0.03171146224133724
2020-10-01,199301000.93136978,48444461.96316323,,,247745462.894533,1275347.5322025253,1546639.8444472777,,,,2821987.376649803,250567450.2711828,0.3874239633702934,,,5.0,6.0,,,11.0,1.0,2.0,,,,3.0,14.0,,,0.013018243335390207,,,,,,0.4127896709371894,0.5741920857274203,,,0.032020762307592744,,,,0.39055452250506495,,,,,,,,,,,,0.5710663008380347,,,,,,,0.006358414349307729,,,,,,
2020-11-01,303114469.5486369,43099785.36685171,5423048.591549296,,351637303.5070379,5904235.743875666,1765915.0367509655,,,,7670150.780626631,359307454.28766453,0.38947152811333674,,,8.0,8.0,2.0,,18.0,6.0,1.0,,,,7.0,25.0,,0.0721835634324769,0.2674738138945086,,,,,,0.4693977628351401,0.19094485983787446,,,0.04255930662249651,0.36359049816626865,0.11531206813603653,,0.06392967183919601,,,0.0005980134398123025,,,,,0.1465019729376781,,,,0.23299560436591005,0.02450927037840875,,0.010003594114193121,,,,,,,,,,
2020-12-01,199837378.49237242,32629111.0078057,,,232466489.50017813,9728382.75684846,4423060.500599896,,,,14151443.257448357,246617932.75762647,0.4402159908205503,,,15.0,7.0,2.0,,25.0,6.0,2.0,,,,8.0,33.0,,,,,,,,0.11461724625293634,0.8853827537470637,,,,0.37768344106935975,,0.026322772876119917,,0.020660831272722117,,,,,,,,0.06275471037129884,,,,0.3549095455854347,,,,,,,0.03780012032230822,,,,,,
2021-01-01,794988484.2108593,31062034.17429117,,,826050518.3851504,3936695.279563835,7564113.0,,,,11500808.279563835,837551326.6647142,0.4458781249523344,,,5.0,5.0,,,10.0,3.0,1.0,,,,4.0,14.0,,,0.19582882460082712,,,,,,0.6256100899272864,0.17856108547188645,,,0.94091387821658,0.014524038830449596,0.002147703614289887,,,,0.001722102728376262,,,,,,,,,,0.0376998231789502,,,,,,,,,,,0.11986857850275644,,
2021-02-01,242351281.3417957,29590939.701663766,,,271942221.0434595,3552840.4647092037,2038375.5380936111,,,,5591216.002802815,277533437.04626226,0.4524776767988765,,,10.0,6.0,,,16.0,2.0,1.0,,,,3.0,19.0,,,,,,,,0.045703448359748086,0.9542965516402518,,,,0.18266706850857772,,0.2439975367603327,,,,0.012199876838016634,,,,,,,,,,0.40790154148732505,,,0.01444807203152469,,0.05725409222453827,,0.0815318121496851,,,,0.0029924534313541767,,
2021-03-01,292656010.7540068,60382062.33420814,69721242.83825473,,422759315.9264697,4723278.403041826,12136868.196089081,,,,16860146.599130906,439619462.5256006,0.4591625521596882,,,17.0,8.0,1.0,,26.0,2.0,2.0,,,,4.0,30.0,,0.0392487751167256,0.1281126035927756,,,,,,0.8326386212904988,,,,0.010004406738706065,0.2067284118674786,0.0,,0.26850897584734507,,0.0030000178078055787,,,,0.0187390000828298,,0.03759955063980429,,,,0.33569421350289425,0.11972542351313638,,,,,,,,,,,,
2021-04-01,436179325.907323,48755444.50561648,,,484934770.4129395,11965426.466262266,909028.7476999675,,,,12874455.213962233,497809225.62690175,0.44638817556834903,,,7.0,6.0,,,13.0,5.0,1.0,,,,6.0,19.0,,,0.25388427424543303,,,,,,0.746115725754567,,,,0.14807579138303595,,0.011902601002486426,,,,,,,,,,0.010001267417368617,,,,0.830020340197109,,,,,,,,,,,,,
2021-05-01,162891674.9092518,24188911.75734086,49712460.06389776,,236793046.73049042,1506616.8380232882,4719739.47789025,,,,6226356.315913538,243019403.04640394,0.48267446534249603,,,13.0,6.0,,,19.0,5.0,1.0,,,,6.0,25.0,,,0.505545792335201,,,,,,0.424153086066231,0.07030112159856805,,,0.10316659083857317,,0.12452396206831948,0.42267148766119284,,0.0012418062982931884,,0.008282221792845863,,,,,0.04986832229553883,,,,0.1985146020595066,0.012750038321221978,,,,,,,,,,,,
2021-06-01,474172400.9872816,51164049.69570898,,,525336450.6829906,8435766.262688002,3670012.547051443,,,,12105778.809739444,537442229.49273,0.46609184359432965,,,18.0,9.0,,,27.0,4.0,1.0,,,,5.0,32.0,,0.0669294303019832,0.6163313711684596,,,,0.02705389850556645,,0.11030911926365805,0.1439737870940275,0.035402393666305175,,0.11214251985972716,,0.10572881353250667,0.046110077591707946,,,0.030662579236154213,,,,,,0.07748825423160259,,,,0.2492435999468217,,,0.008897581367223231,,0.033769423671450985,,0.07934995276524665,,,0.0789809686645078,,,
2021-07-01,466270056.5135697,52976596.997019455,,,519246653.5105892,2069322.2969477496,6510243.70232696,,,,8579565.99927471,527826219.5098639,0.4267461933222555,,,11.0,4.0,,,15.0,1.0,2.0,,,,3.0,18.0,,,1.0,,,,,,,,,,0.022071211446892555,,0.09571942697257477,,0.01,,,,,,,,0.21168703757659812,,0.06630274171608437,,0.5964561339850942,,,,,,,,,,,0.25660719779755875,,
2021-08-01,764562811.5611638,137687412.18910095,,,902250223.7502648,5072577.673788156,3682690.323911698,,,,8755267.997699855,911005491.7479646,0.45389414808926615,,,18.0,10.0,,,28.0,4.0,1.0,,,,5.0,33.0,,,0.2679853168752548,0.6012586713104776,,,,,0.04343329007937164,0.08732272173489602,,,0.07028263970117848,0.07552224964314355,0.019489748275362692,,0.03971544592897177,,,0.4363114556754925,,,0.0035902200776865047,,0.17566209145362158,,,,0.14292482068599308,,,,,0.026039261269275978,0.002666167979128857,0.007795899310145077,,,,,,
2021-09-01,715668908.8665175,51484441.19758396,,,767153350.0641015,10332697.482993308,4466330.003061537,,,,14799027.486054845,781952377.5501564,0.44693443392703436,,,14.0,8.0,,,22.0,5.0,1.0,,,,6.0,28.0,,,0.5442169417762787,,,0.07619462530063671,,,0.17774627278294086,0.20184216014014364,,,0.00958660945905741,0.019412941895078042,0.12652904373296486,0.10330514332759443,,,0.0036972507726212534,,,,,,0.5042945288246974,0.041998339581250356,,,0.165288890479713,0.022239205614411766,,,,,,,,0.0028104619887049077,,,,
2021-10-01,352498372.56742215,39295280.371600606,,,391793652.9390228,9966656.943629298,7953849.719213799,,,,17920506.662843097,409714159.6018659,0.46332036409347266,,,13.0,7.0,,,20.0,9.0,1.0,,,,10.0,30.0,,,,,,,0.04694765670745208,,0.19892959741867353,,0.16833854303616244,,0.12449268361751623,,,0.11103277295572062,0.027588868403358908,,0.02968041306145243,,,,,,0.08276660521007671,0.5764683872589402,,,0.02256493546710725,,,,0.014,,,,,,,,,
2021-11-01,380872174.58440983,51162100.383278534,,,432034274.9676884,23744171.736066848,13187957.022445299,,,,36932128.75851215,468966403.7262005,0.4862447504245631,,,12.0,5.0,,,17.0,7.0,5.0,,,,12.0,29.0,,0.1107,0.6189,0.0233,,,,,0.0643,0.1829,,,0.166,,,,,,,,,,,,0.44,0.31,,,0.02,,,,0.02,0.02,,,,,,,,
2021-12-01,803596133.0729741,84622825.22403784,,,888218958.297012,9256378.336575087,,,,,9256378.336575087,897475336.633587,0.42880248286657957,,,17.0,10.0,,,27.0,7.0,,,,,7.0,34.0,,,0.2387,,,,,,0.6679,0.0934,,,0.022,,,,,,,,,,,,0.55,,,,0.123,0.025,0.085,,,0.023,,,,,0.17,,,
2022-01-01,151001197.53619564,20663072.279848296,,,171664269.81604394,16878551.848447707,6525691.0,,,,23404242.848447707,195068512.66449165,0.4546844518655125,,,5.0,3.0,,,8.0,3.0,1.0,,,,4.0,12.0,,,0.2400142637174195,,,,0.09497622686525703,,0.6650095094173235,,,,0.3402176821162485,,0.3966706752690074,0.0017010884105812423,,,,,,,,,0.26141055420416287,,,,,,,,,,,,,,,,,
2022-02-01,550022411.9725909,45340332.63175942,,,595362744.6043503,4213116.24693883,,,,,4213116.24693883,599575860.8512892,0.3976229974966582,,,13.0,6.0,,,19.0,3.0,,,,,3.0,22.0,,,0.3086522446442401,,,,,,0.6913477553557597,,,,0.030605231849453778,0.023787446828155603,0.08843674305301032,,0.07587139965534684,,,,,,,,,0.3139063541431581,,0.0016798129362904373,0.42258226164676804,,,,,0.0431307498878169,,,,,,,,
2022-03-01,92326706.08347274,69339187.77060626,,,161665893.854079,4134795.062041482,3394862.4736574683,,,,7529657.53569895,169195551.38977796,0.4850916810652548,,,10.0,9.0,,,19.0,2.0,2.0,,,,4.0,23.0,,,0.011195403438219413,,,,0.03547960589037506,,0.7539907598142961,0.19933423085710958,,,0.2862319636634345,,0.11816113023998945,0.03347532395467144,0.09336122268277183,,,,,,,,,,,,0.009389394227601653,,,,,,,,,,0.459380965231531,,,
2022-04-01,102918845.70260069,78687708.07336536,,,181606553.77596605,18542240.612866025,13710226.597110702,,,,32252467.209976725,213859020.98594278,0.4444319725141868,,,4.0,7.0,,,11.0,8.0,3.0,,,,11.0,22.0,,,0.4381573958520898,,,,,,0.5618426041479101,,,,0.7902451382103498,,0.04820879820547405,0.005023677372959831,,,,,,,0.057094934438869815,0.036167147891781,,,,,,,,,0.036494191250376895,0.026766112630188712,,,,,,,,
2022-05-01,440877717.43188494,56367232.23639244,,,497244949.6682774,6854433.919268146,4163517.1295353724,,,,11017951.04880352,508262900.7170809,0.45555838012459,,,17.0,9.0,,,26.0,4.0,3.0,,,,7.0,33.0,,,,0.055540524441699685,,,0.09985681722820239,,0.6879412501430459,0.15666140818705201,,,0.0467963971005205,,,,0.07358774638044573,,,,0.11771830064234733,,,,0.5754597530628247,,,,0.171128574073904,,,,0.014184428571505169,,0.0011248001684524907,,,,,,,
2022-06-01,400078405.06898767,107397218.62485698,,,507475623.6938447,37926916.127123855,4987448.842407791,,,,42914364.96953165,550389988.6633763,0.4959675180161875,,,9.0,11.0,,,20.0,8.0,2.0,,,,10.0,30.0,,,0.37281749925132907,,,,0.04284410082721181,,0.33657184644119376,0.2477665534802653,,,,0.005468012021559666,0.10143649074176546,,,,0.04566154572137092,,,,,,0.3538769793406246,,,,0.42713069441509083,0.0018824748469912424,,,0.014539547105521642,0.04098203597150223,,,,,0.009022219835573449,,,
2022-07-01,,,,,,,,,,,,,,,,,,,,,,,,,,,,,,,,,,,,,,,,,,,,,,,,,,,,,,,,,,,,,,,,,,,,,
